,1827300.3,693748.4,1637747.3,1165841.3,912630.3,1950946.3,1378073.3,589873.29,1919105.4,1951070.3
rxn08713_c0,0,0,0,0,0,0,0,0,0,0
rxn03137_c0,1,1,1,1,1,1,1,1,1,1
rxn09195_c0,0,0,0,0,0,0,0,0,0,0
rxn01279_c0,1,0,0,0,0,0,0,0,0,0
rxn00720_c0,0,0,0,0,0,0,0,0,0,0
rxn12639_c0,1,1,1,1,1,1,1,1,1,1
rxn20214_c0,0,0,0,0,0,0,0,0,0,0
rxn08076_c0,1,1,1,1,0,1,1,1,1,1
rxn01213_c0,0,0,0,0,0,0,1,0,0,0
rxn01537_c0,0,1,1,0,0,0,0,0,1,0
rxn03918_c0,1,0,0,0,0,1,1,1,0,1
rxn05252_c0,1,1,1,1,1,1,1,1,1,1
rxn10317_c0,0,0,0,0,0,0,1,0,0,0
rxn23042_c0,1,1,1,1,0,0,1,1,0,0
rxn08542_c0,0,0,0,0,0,0,0,0,0,0
rxn03886_c0,0,0,1,0,0,0,0,0,0,0
rxn04751_c0,0,0,0,0,0,0,1,0,0,0
rxn09313_c0,0,0,0,0,0,0,0,0,0,0
rxn02296_c0,0,0,0,0,0,0,0,0,0,0
rxn03241_c0,1,1,1,1,1,1,1,1,1,1
rxn05195_c0,1,1,1,1,1,1,1,1,1,1
rxn18575_c0,0,0,0,0,0,0,0,0,0,0
rxn03540_c0,1,1,1,0,0,0,0,0,0,0
rxn05335_c0,1,1,1,0,0,0,1,1,0,0
rxn02227_c0,0,0,0,0,0,0,0,0,0,0
rxn00745_c0,1,0,0,0,1,0,1,1,1,0
rxn00510_c0,0,1,0,0,0,0,0,0,1,0
rxn05598_c0,0,0,1,0,1,0,0,0,0,0
rxn05289_c0,1,1,1,1,1,1,1,1,1,1
rxn00712_c0,0,0,0,0,0,0,1,1,1,0
rxn08528_c0,1,1,1,0,1,0,1,1,1,0
rxn00407_c0,1,1,1,1,0,0,1,1,1,0
rxn08335_c0,1,1,1,1,1,1,1,1,1,1
rxn05361_c0,1,1,1,1,0,1,1,1,0,1
rxn00804_c0,1,0,0,0,1,0,0,1,0,0
rxn05505_c0,0,0,0,0,0,0,0,0,0,0
rxn00147_c0,1,0,0,1,0,0,1,1,1,0
rxn37060_c0,0,0,0,0,0,0,0,0,0,0
rxn05325_c0,0,1,1,1,0,1,1,0,1,1
rxn01114_c0,0,0,1,0,1,0,1,0,0,0
rxn09023_c0,1,0,0,0,0,0,0,0,0,1
rxn01013_c0,1,1,0,0,0,0,1,0,1,0
rxn10126_c0,1,1,1,0,1,0,1,1,1,0
rxn46694_c0,1,1,0,1,0,0,1,1,0,0
rxn01640_c0,1,1,1,0,0,0,0,0,0,0
rxn16823_c0,0,0,0,0,0,0,0,0,1,0
rxn27362_c0,0,0,0,1,0,0,0,0,0,0
rxn12849_c0,0,0,1,0,1,1,0,0,0,0
rxn00559_c0,1,1,1,1,1,0,1,1,1,0
rxn00297_c0,0,0,0,1,0,0,1,0,0,0
rxn08668_c0,1,1,1,0,1,1,1,1,1,0
rxn06777_c0,0,0,0,0,0,1,0,0,1,1
rxn05541_c0,0,0,1,0,1,1,0,0,0,0
rxn04598_c0,0,0,0,0,0,0,1,0,0,0
rxn01644_c0,1,1,1,1,1,1,1,1,1,1
rxn02927_c0,1,0,0,0,0,0,1,1,0,0
rxn00800_c0,1,1,1,1,1,1,1,1,0,1
rxn01457_c0,0,0,1,0,0,0,1,1,0,0
rxn11877_c0,0,0,0,0,0,0,0,0,0,0
rxn05149_c0,0,0,0,0,0,1,0,0,0,0
rxn03251_c0,1,1,1,0,1,1,1,1,1,1
rxn05170_c0,1,1,1,0,1,0,1,0,0,0
rxn10268_c0,0,0,0,1,0,0,1,1,0,0
rxn00151_c0,0,1,1,0,0,0,0,0,0,0
rxn06493_c0,0,0,0,0,1,1,1,0,0,1
rxn01649_c0,0,0,1,0,1,0,1,0,1,0
rxn00304_c0,1,0,1,0,1,1,1,1,1,1
rxn01710_c0,1,1,1,0,1,0,1,1,0,0
rxn04142_c0,1,1,1,0,1,1,1,0,0,1
rxn08508_c0,0,1,0,0,0,0,1,0,0,0
rxn00547_c0,1,1,1,0,1,0,0,1,1,0
rxn04712_c0,0,0,0,0,0,0,0,0,0,0
rxn11544_c0,0,0,0,0,0,0,0,0,0,0
rxn00748_c0,0,1,0,0,0,1,1,1,0,1
rxn05144_c0,0,0,0,0,1,0,0,0,0,0
rxn10216_c0,0,0,0,0,1,0,0,0,0,0
rxn05369_c0,1,1,1,0,0,0,1,1,0,0
rxn10338_c0,0,0,0,0,0,0,0,0,0,0
rxn01462_c0,1,0,0,0,0,0,0,0,0,0
rxn24606_c0,0,0,0,0,0,0,0,0,0,0
rxn08158_c0,0,0,0,0,0,0,0,0,0,0
rxn00914_c0,0,0,0,0,0,0,1,0,0,0
rxn01670_c0,1,1,1,1,1,1,1,1,1,1
rxn08783_c0,1,0,0,0,0,0,1,1,0,0
rxn01368_c0,0,0,1,1,1,1,1,1,0,1
rxn42177_c0,0,0,0,0,0,0,0,0,0,0
rxn01851_c0,1,1,1,0,1,1,1,1,1,1
rxn05347_c0,1,1,1,1,1,1,1,1,1,1
rxn10892_c0,0,0,0,0,0,0,0,0,0,0
rxn03962_c0,1,0,0,1,1,1,1,1,1,0
rxn08941_c0,1,0,1,0,1,0,1,1,1,0
rxn02985_c0,0,0,0,0,0,0,0,0,1,0
rxn05539_c0,1,1,1,0,1,1,1,0,0,1
rxn05341_c0,1,1,1,1,1,1,1,1,1,1
rxn00106_c0,1,0,0,0,0,0,1,1,0,0
rxn00082_c0,0,0,0,0,0,1,0,0,0,0
rxn10228_c0,1,1,1,1,0,1,1,1,1,1
rxn00830_c0,1,0,1,0,1,1,0,0,1,1
rxn02373_c0,1,1,1,1,1,0,1,1,1,0
rxn01647_c0,0,0,1,0,1,0,1,0,1,0
rxn09167_c0,1,0,1,0,0,0,1,0,0,0
rxn01275_c0,1,0,1,0,1,0,1,1,1,0
rxn05447_c0,0,1,1,1,0,1,1,0,1,1
rxn08547_c0,1,0,0,0,0,0,1,1,0,0
rxn16839_c0,0,1,1,0,0,0,0,0,1,0
rxn16565_c0,0,0,0,0,0,0,0,0,0,0
rxn21863_c0,0,1,1,1,0,1,1,0,1,1
rxn08118_c0,0,0,0,0,0,0,1,0,0,0
rxn05303_c0,0,0,0,0,0,0,0,0,0,0
rxn08936_c0,0,0,0,0,0,0,0,0,0,0
rxn05200_c0,1,0,0,0,0,1,1,1,0,0
rxn01133_c0,0,0,0,0,1,0,1,1,0,0
rxn06556_c0,0,0,0,0,0,0,0,0,0,0
rxn08822_c0,1,1,1,0,1,0,1,1,1,0
rxn01986_c0,0,0,1,0,0,0,1,0,0,0
rxn10292_c0,0,0,0,0,0,0,1,0,0,0
rxn01911_c0,0,0,0,0,0,0,0,0,0,0
rxn07845_c0,1,0,0,0,1,0,1,0,0,0
rxn09105_c0,0,0,0,1,0,0,1,1,0,0
rxn00490_c0,1,0,1,0,0,0,0,0,0,0
rxn05746_c0,0,0,0,0,0,0,1,0,1,0
rxn01753_c0,0,0,0,0,0,0,0,0,0,0
rxn05031_c0,0,1,1,0,1,1,0,0,1,1
rxn00223_c0,1,1,1,0,1,0,1,0,1,0
rxn02103_c0,0,0,0,0,0,0,0,0,0,0
rxn01706_c0,0,0,0,0,0,0,1,1,1,0
rxn00549_c0,1,1,1,1,1,1,1,1,1,1
rxn10214_c0,0,0,0,0,1,0,0,0,0,0
rxn42709_c0,0,0,0,0,0,0,1,1,0,0
rxn01518_c0,0,0,0,0,1,1,1,1,0,1
rxn00100_c0,1,1,1,1,1,0,1,1,1,1
rxn02275_c0,1,1,0,1,0,0,1,1,1,0
rxn01298_c0,0,0,0,0,0,0,0,0,0,0
rxn02680_c0,1,1,1,0,1,1,1,1,1,1
rxn00829_c0,0,0,0,0,0,0,0,0,0,0
rxn02155_c0,1,1,1,1,1,1,1,1,1,1
rxn10314_c0,0,0,0,1,0,1,1,1,1,0
rxn10284_c0,0,0,0,0,0,0,0,0,0,0
rxn06979_c0,1,0,0,0,0,0,0,0,0,0
rxn09214_c0,0,0,0,0,0,0,0,0,0,0
rxn02056_c0,1,1,1,0,1,0,1,1,0,0
rxn02145_c0,0,0,0,0,0,0,0,0,0,0
rxn03513_c0,1,1,1,0,0,0,0,0,0,0
rxn05563_c0,0,0,0,0,0,0,0,0,0,0
rxn00541_c0,1,1,1,0,1,1,1,0,0,1
rxn03168_c0,0,0,0,0,0,0,0,0,0,0
rxn16776_c0,0,0,0,0,0,0,0,0,0,0
rxn16612_c0,0,0,0,0,0,0,0,0,0,0
rxn05438_c0,0,1,1,1,0,1,1,0,1,1
rxn07435_c0,1,1,0,0,1,1,0,1,0,1
rxn12206_c0,1,0,0,0,0,0,1,0,0,0
rxn03005_c0,1,1,1,1,1,1,1,1,1,1
rxn08205_c0,0,0,0,0,0,0,1,0,0,0
rxn01259_c0,0,0,0,0,0,0,0,0,0,0
rxn03243_c0,1,1,1,0,1,1,1,1,1,1
rxn01499_c0,1,0,0,0,1,0,0,0,0,0
rxn01883_c0,0,0,0,0,0,0,1,0,0,0
rxn19735_c0,0,0,0,0,0,0,0,0,0,0
rxn01816_c0,0,0,1,0,0,0,1,0,0,1
rxn10855_c0,0,0,0,0,0,0,0,0,0,0
rxn09039_c0,1,1,1,0,0,0,1,1,0,0
rxn05145_c0,1,1,1,1,1,0,1,1,1,0
rxn08376_c0,0,0,0,0,0,1,1,0,0,0
rxn05336_c0,1,1,1,1,1,1,1,1,1,1
rxn00298_c0,0,0,0,1,0,1,0,1,1,0
rxn16794_c0,0,0,0,0,0,0,0,0,0,0
rxn00251_c0,1,0,0,0,1,1,1,1,0,1
rxn01129_c0,0,0,0,0,0,0,1,1,1,0
rxn01069_c0,1,1,1,1,1,0,1,1,1,0
rxn02173_c0,1,1,1,0,0,0,1,0,0,0
rxn02375_c0,0,0,0,0,0,0,0,0,0,0
rxn08202_c0,0,0,0,0,0,0,1,0,0,0
rxn01945_c0,0,0,0,0,0,0,0,0,0,0
rxn01761_c0,0,0,1,0,1,0,1,0,0,0
rxn10337_c0,0,0,0,0,0,0,0,0,0,0
rxn05187_c0,1,1,0,0,0,1,1,1,1,0
rxn12822_c0,1,0,0,1,0,0,0,1,0,0
rxn02835_c0,1,1,1,1,1,0,1,1,1,0
rxn01629_c0,1,0,1,1,1,1,1,1,1,1
rxn04938_c0,1,1,1,0,0,0,1,1,0,0
rxn08709_c0,0,0,0,0,0,0,0,0,0,0
rxn05957_c0,1,1,1,1,1,0,1,1,1,1
rxn03181_c0,1,1,1,1,0,1,1,1,0,1
rxn15699_c0,1,0,0,0,1,0,1,0,0,0
rxn09161_c0,0,0,0,0,0,0,0,0,0,0
rxn05372_c0,0,0,1,0,0,0,0,0,0,0
rxn08619_c0,0,0,0,0,0,0,0,0,0,0
rxn04930_c0,0,0,0,0,0,0,0,0,0,0
rxn08802_c0,1,1,1,0,1,0,1,1,1,0
rxn10300_c0,0,0,0,0,0,0,0,0,0,0
rxn01366_c0,0,0,0,0,1,1,1,0,1,0
rxn01108_c0,1,0,1,0,0,0,0,0,0,0
rxn05117_c0,0,0,0,0,0,0,0,0,0,0
rxn00168_c0,0,0,0,0,0,0,1,0,0,0
rxn10299_c0,0,0,0,0,0,0,0,0,0,0
rxn01927_c0,0,0,0,0,0,1,0,0,0,1
rxn01045_c0,1,0,0,0,1,0,0,1,0,0
rxn02318_c0,0,0,0,0,0,0,0,0,0,0
rxn05154_c0,1,0,0,0,0,0,1,0,0,0
rxn00375_c0,1,1,1,0,0,0,1,0,0,0
rxn01790_c0,1,0,0,0,0,0,1,1,0,0
rxn05550_c0,0,0,0,0,0,0,0,0,0,0
rxn08295_c0,1,1,1,0,0,0,1,1,0,0
rxn05405_c0,0,0,1,0,0,0,0,0,0,0
rxn00291_c0,1,0,0,0,0,0,1,1,0,0
rxn00114_c0,1,0,0,0,0,0,1,0,0,0
rxn00818_c0,0,0,1,0,1,0,1,1,0,0
rxn07474_c0,1,0,0,0,0,0,1,0,0,0
rxn00953_c0,1,1,1,0,1,1,0,0,1,1
rxn10123_c0,0,0,0,0,0,0,0,0,0,0
rxn00913_c0,1,1,1,1,1,1,1,1,1,1
rxn12080_c0,0,0,0,0,0,0,0,0,0,0
rxn09661_c0,0,0,0,0,0,0,0,0,0,0
rxn02676_c0,0,0,0,0,0,0,1,0,0,0
rxn03975_c0,1,0,0,0,0,0,1,0,0,0
rxn01748_c0,0,0,0,0,0,0,0,0,0,0
rxn10296_c0,0,0,0,0,0,0,1,0,0,0
rxn14372_c0,0,0,0,0,0,0,0,0,0,0
rxn10196_c0,0,0,0,0,1,0,0,0,0,0
rxn08347_c0,1,0,0,0,0,0,1,0,0,0
rxn08710_c0,1,0,0,0,0,0,1,1,0,0
rxn08977_c0,0,0,0,0,0,0,0,0,0,0
rxn01859_c0,0,0,1,0,1,0,1,0,1,0
rxn08935_c0,0,0,0,0,0,0,1,0,1,0
rxn02429_c0,1,1,1,0,0,0,1,0,0,0
rxn02143_c0,1,1,1,0,1,1,1,1,0,1
rxn02761_c0,0,0,0,0,0,0,1,0,0,0
rxn03244_c0,0,0,0,0,0,1,0,0,1,1
rxn01598_c0,1,0,0,0,0,0,0,0,0,0
rxn06864_c0,1,1,1,1,1,0,1,1,1,0
rxn05418_c0,0,0,1,0,0,0,0,0,0,0
rxn03068_c0,1,1,1,1,1,0,1,1,1,0
rxn02266_c0,0,0,0,0,0,0,0,0,0,0
rxn08308_c0,1,1,1,1,1,1,1,1,1,1
rxn10270_c0,0,0,0,1,0,0,1,1,0,0
rxn10192_c0,0,0,0,0,1,0,1,0,0,0
rxn00239_c0,1,1,1,1,1,1,1,1,1,1
rxn07436_c0,1,1,1,1,0,0,1,1,0,0
rxn00802_c0,1,1,1,1,1,0,1,1,1,0
rxn24607_c0,0,0,0,0,0,0,0,0,0,0
rxn05337_c0,1,1,1,1,1,1,1,1,1,1
rxn08213_c0,1,0,1,0,1,0,0,0,0,0
rxn00338_c0,1,0,0,1,1,0,1,1,0,0
rxn43971_c0,0,0,0,0,0,0,0,0,0,0
rxn15293_c0,0,0,1,0,0,0,1,1,0,0
rxn05397_c0,0,0,1,0,0,0,0,0,0,0
rxn10267_c0,0,0,0,1,0,0,1,1,0,0
rxn08200_c0,0,0,0,0,0,0,1,0,0,0
rxn39912_c0,0,0,0,1,0,0,0,0,0,0
rxn01015_c0,1,0,0,0,0,0,0,1,0,0
rxn03481_c0,0,0,0,0,1,0,1,0,0,0
rxn02201_c0,1,1,1,1,1,1,1,1,1,1
rxn05344_c0,1,1,1,1,1,1,1,1,1,1
rxn08128_c0,1,0,1,0,0,0,1,1,1,0
rxn02474_c0,1,1,1,1,1,1,1,1,1,1
rxn05465_c0,1,1,1,1,1,1,1,1,1,1
rxn00422_c0,0,0,0,0,0,0,1,1,0,0
rxn00704_c0,1,1,1,1,1,0,1,1,0,1
rxn05201_c0,0,0,0,0,0,0,1,0,0,0
rxn01362_c0,1,1,1,1,1,1,1,1,1,1
rxn15383_c0,0,0,0,0,0,0,0,0,0,0
rxn02122_c0,0,0,0,0,0,0,0,0,0,0
rxn01324_c0,0,0,0,0,0,0,0,0,1,0
rxn00056_c0,1,1,0,0,0,0,1,1,0,0
rxn01973_c0,1,1,1,1,1,1,1,1,0,1
rxn09448_c0,1,1,1,1,1,1,1,1,1,1
rxn09208_c0,1,1,1,1,0,1,1,1,1,1
rxn05339_c0,1,1,1,1,1,1,1,1,1,1
rxn09022_c0,0,0,0,0,0,0,0,0,0,1
rxn05437_c0,0,1,1,1,0,1,1,0,1,1
rxn00394_c0,1,1,1,0,1,0,1,0,0,0
rxn05029_c0,1,1,1,0,0,1,1,1,0,1
rxn09151_c0,0,0,0,0,0,0,0,0,0,0
rxn08441_c0,1,1,1,0,1,0,1,1,0,0
rxn12851_c0,0,0,1,0,1,1,0,0,0,0
rxn00361_c0,1,1,1,0,0,0,1,1,1,0
rxn05605_c0,1,0,0,0,0,0,1,0,0,0
rxn08939_c0,0,0,0,0,0,0,0,0,0,0
rxn03839_c0,1,1,0,1,0,0,1,1,1,0
rxn00587_c0,0,0,0,0,1,0,0,0,0,0
rxn14109_c0,0,0,0,0,0,0,0,0,0,0
rxn00941_c0,0,0,0,0,0,0,0,0,0,0
rxn10227_c0,1,1,1,1,0,1,1,1,1,1
rxn05205_c0,0,0,0,0,0,1,1,1,0,1
rxn08078_c0,1,1,1,0,0,0,1,1,0,0
rxn00194_c0,0,1,0,0,0,0,0,1,0,0
rxn09154_c0,0,0,0,0,0,0,0,0,0,0
rxn01303_c0,1,0,1,1,1,0,0,1,1,0
rxn14178_c0,0,0,0,1,0,0,0,0,0,0
rxn00367_c0,1,1,1,0,1,1,1,1,0,1
rxn12848_c0,1,1,1,0,1,1,1,0,0,0
rxn08843_c0,1,1,1,0,1,0,1,1,1,0
rxn02377_c0,0,0,0,1,0,0,1,0,0,0
rxn05540_c0,0,0,1,0,1,1,0,0,0,0
rxn10221_c0,1,1,1,1,1,1,1,1,1,1
rxn01019_c0,1,1,1,1,1,0,1,1,0,0
rxn08352_c0,1,1,1,1,1,1,1,1,1,1
rxn10308_c0,0,0,0,1,0,1,1,1,1,0
rxn02380_c0,1,1,1,1,1,1,1,1,1,1
rxn00971_c0,0,0,0,0,0,0,0,0,0,0
rxn01445_c0,1,1,1,1,1,1,1,1,1,1
rxn11409_c0,0,0,0,0,0,0,1,0,0,0
rxn05211_c0,1,0,1,0,1,0,0,0,0,0
rxn12643_c0,1,1,1,1,1,1,1,1,1,1
rxn01179_c0,0,0,0,0,1,0,0,0,1,0
rxn10255_c0,1,1,1,0,0,0,1,1,0,0
rxn05459_c0,1,1,1,1,0,1,1,1,1,1
rxn13782_c0,1,1,1,1,1,1,1,1,1,1
rxn08797_c0,1,1,1,0,1,0,1,1,1,0
rxn01192_c0,1,1,0,0,0,0,1,0,0,0
rxn05189_c0,0,0,1,0,0,0,0,0,0,0
rxn00912_c0,1,1,0,1,0,1,1,1,1,1
rxn01281_c0,1,1,1,0,0,0,1,1,0,0
rxn00171_c0,1,1,1,0,1,0,1,1,0,0
rxn08306_c0,1,1,1,1,1,1,1,1,1,1
rxn08216_c0,0,0,0,0,0,0,1,0,0,0
rxn02782_c0,1,0,0,0,0,0,1,0,0,0
rxn02181_c0,0,0,0,0,0,0,0,0,0,0
rxn05406_c0,1,1,1,1,0,1,1,1,0,1
rxn00882_c0,1,1,1,1,1,0,1,1,1,0
rxn16574_c0,0,1,0,1,1,0,1,0,0,0
rxn01477_c0,1,1,1,1,0,0,1,1,0,0
rxn20627_c0,0,0,0,0,1,0,0,0,1,0
rxn01111_c0,0,0,0,0,0,0,1,1,0,0
rxn00693_c0,1,1,1,1,0,0,1,1,0,0
rxn02925_c0,1,1,1,0,0,0,0,1,0,0
rxn05485_c0,1,0,1,1,1,0,1,0,1,0
rxn03976_c0,0,0,0,0,0,0,1,1,0,0
rxn00797_c0,0,1,0,0,0,0,1,0,0,0
rxn02319_c0,0,0,0,0,0,0,0,0,0,0
rxn04597_c0,0,0,0,0,0,0,1,0,0,0
rxn01669_c0,1,1,1,0,1,1,1,1,1,1
rxn05330_c0,1,1,1,1,0,1,1,1,0,1
rxn04047_c0,0,0,0,0,0,0,0,0,0,0
rxn08578_c0,1,0,0,0,0,0,1,0,0,0
rxn00707_c0,0,0,0,0,0,0,1,1,1,0
rxn02005_c0,1,0,1,1,1,0,1,0,1,0
rxn07978_c0,1,1,1,0,0,0,1,1,0,0
rxn00526_c0,0,0,0,0,1,0,0,0,0,0
rxn01444_c0,0,0,0,0,0,1,0,0,1,1
rxn00104_c0,1,1,1,1,1,0,1,1,0,1
rxn08025_c0,0,0,0,0,1,0,1,0,0,0
rxn02356_c0,0,0,0,0,0,0,0,0,0,0
rxn12146_c0,1,1,1,0,0,0,0,0,0,0
rxn39999_c0,0,0,0,0,0,0,0,0,0,0
rxn08839_c0,1,1,1,0,1,0,1,1,1,0
rxn02011_c0,1,1,1,1,0,1,1,1,1,1
rxn08203_c0,0,0,0,0,0,0,1,0,0,0
rxn01751_c0,0,0,0,0,0,0,0,0,0,0
rxn10209_c0,1,0,0,0,0,0,1,1,0,0
rxn08900_c0,1,0,1,0,1,0,1,0,0,0
rxn01437_c0,1,0,0,0,0,0,0,1,0,0
rxn00109_c0,0,0,0,0,0,0,1,0,0,0
rxn05654_c0,1,0,1,0,1,0,1,1,0,0
rxn40000_c0,0,0,0,0,0,0,0,0,0,0
rxn00966_c0,1,0,0,0,0,0,1,1,0,0
rxn01352_c0,0,0,1,0,0,0,1,1,0,0
rxn01331_c0,1,0,0,0,0,0,1,1,0,0
rxn01256_c0,1,1,1,1,1,1,1,1,1,1
rxn00892_c0,0,0,0,0,0,0,1,0,0,0
rxn08669_c0,1,1,1,0,1,1,1,1,1,0
rxn00077_c0,1,1,1,1,1,1,1,1,1,1
rxn08442_c0,1,1,1,0,1,0,1,1,0,0
rxn41287_c0,1,1,1,0,0,0,0,0,0,0
rxn00853_c0,0,0,0,1,0,0,0,1,0,0
rxn01205_c0,0,0,0,0,0,0,0,0,0,0
rxn08548_c0,1,1,1,1,1,1,1,1,1,1
rxn26021_c0,1,1,1,1,0,0,1,0,0,0
rxn02366_c0,1,0,0,0,0,0,0,0,0,0
rxn09953_c0,1,0,1,0,0,0,0,0,1,0
rxn00980_c0,1,1,1,1,1,0,1,1,0,0
rxn02358_c0,0,0,0,0,0,0,0,0,0,0
rxn05446_c0,0,1,1,1,0,1,1,0,1,1
rxn00726_c0,1,1,1,1,1,1,1,1,0,0
rxn09138_c0,0,0,0,0,0,0,0,0,0,0
rxn00195_c0,0,0,0,0,0,0,0,0,0,0
rxn08263_c0,0,0,0,0,0,0,0,0,0,0
rxn08380_c0,1,1,1,0,1,0,1,0,0,0
rxn01634_c0,1,0,0,0,1,0,0,0,0,0
rxn01137_c0,1,0,1,0,1,1,1,1,1,1
rxn00604_c0,1,1,1,1,1,0,1,1,1,0
rxn01519_c0,1,1,1,0,1,1,1,0,1,1
rxn16583_c0,1,1,1,1,1,0,1,1,0,0
rxn03023_c0,1,1,1,0,0,0,0,0,0,0
rxn02944_c0,1,0,0,0,0,0,1,1,0,0
rxn02177_c0,1,1,0,0,1,0,1,0,0,0
rxn10230_c0,1,1,1,1,0,1,1,1,1,1
rxn05333_c0,1,1,1,0,0,0,1,1,0,0
rxn03538_c0,1,1,1,0,0,0,0,0,0,0
rxn08766_c0,1,1,1,1,1,1,1,1,1,1
rxn01619_c0,0,0,0,0,0,0,1,0,0,0
rxn09272_c0,1,1,1,1,1,1,1,1,1,1
rxn01403_c0,0,0,0,0,0,0,1,0,0,0
rxn00076_c0,1,1,1,0,1,0,1,1,0,0
rxn09037_c0,0,0,0,0,0,0,1,1,0,0
rxn00085_c0,1,1,1,1,1,0,1,1,1,0
rxn03084_c0,1,1,1,1,1,1,1,1,1,1
rxn02166_c0,1,1,1,1,1,1,0,1,1,1
rxn01827_c0,1,0,1,0,0,1,1,1,1,0
rxn05287_c0,0,0,0,0,1,0,1,1,0,0
rxn02322_c0,0,0,0,0,0,0,0,0,0,0
rxn00452_c0,0,0,0,0,1,0,0,0,0,0
rxn00184_c0,1,1,1,1,1,1,1,1,1,1
rxn10217_c0,0,0,0,0,1,0,0,0,0,0
rxn00709_c0,0,0,0,0,0,0,1,1,1,0
rxn05345_c0,1,1,1,1,1,1,1,1,1,1
rxn03969_c0,0,1,0,0,0,0,1,0,0,0
rxn08297_c0,1,1,1,0,0,0,1,1,0,0
rxn01249_c0,0,0,1,0,0,0,1,0,0,0
rxn08129_c0,1,0,1,0,0,0,1,1,1,0
rxn05432_c0,0,0,0,0,0,0,0,0,0,0
rxn00569_c0,1,0,1,0,1,0,1,1,0,0
rxn02222_c0,1,1,0,1,0,0,1,1,1,0
rxn05316_c0,1,0,0,0,0,1,1,1,0,0
rxn02374_c0,1,1,1,1,1,1,1,1,1,1
rxn03536_c0,1,1,1,0,0,0,1,0,0,0
rxn08527_c0,1,1,1,0,1,0,1,1,1,0
rxn02503_c0,1,1,1,1,1,1,1,1,1,1
rxn05123_c0,0,0,0,0,0,0,1,0,0,0
rxn00781_c0,1,1,1,1,1,1,1,1,1,1
rxn03953_c0,0,0,0,0,1,0,0,0,0,0
rxn11650_c0,0,1,1,0,0,0,0,0,0,0
rxn00551_c0,0,0,0,0,0,0,0,0,0,0
rxn02760_c0,0,0,0,0,0,0,0,0,1,0
rxn00986_c0,0,0,0,0,0,0,0,0,0,0
rxn08676_c0,0,0,0,0,0,0,1,0,0,0
rxn02897_c0,1,1,1,0,0,0,0,0,0,0
rxn03534_c0,1,0,0,0,0,0,0,0,0,0
rxn00792_c0,1,1,1,1,1,0,1,1,1,0
rxn05390_c0,1,1,1,1,0,1,1,1,0,1
rxn01117_c0,1,1,1,1,0,1,1,1,0,1
rxn05651_c0,1,0,1,1,1,1,1,1,1,1
rxn02104_c0,0,0,0,0,0,0,1,0,0,0
rxn01653_c0,1,1,1,1,1,0,1,1,1,0
rxn05177_c0,0,1,1,1,1,0,1,0,0,0
rxn11263_c0,0,0,0,0,0,0,0,0,0,0
rxn00747_c0,1,1,1,1,1,1,1,1,1,1
rxn01948_c0,1,0,0,0,1,0,0,0,0,0
rxn06526_c0,1,0,0,1,0,1,1,1,1,1
rxn05163_c0,1,1,1,0,0,0,1,0,0,0
rxn01857_c0,0,0,0,0,0,0,1,0,0,0
rxn05348_c0,1,1,1,1,1,1,1,1,1,1
rxn02975_c0,0,0,0,0,0,0,0,0,0,0
rxn01204_c0,1,0,0,0,1,0,1,1,0,0
rxn05231_c0,1,1,1,1,1,1,1,1,0,1
rxn10222_c0,1,1,1,1,1,1,1,1,1,1
rxn01084_c0,1,1,1,0,0,1,1,1,0,1
rxn00866_c0,0,0,0,0,0,0,0,0,0,0
rxn00834_c0,1,1,1,1,1,1,1,1,1,1
rxn05342_c0,1,1,1,1,1,1,1,1,1,1
rxn04384_c0,1,1,1,0,0,0,0,0,0,0
rxn03250_c0,1,1,1,1,1,1,1,1,1,1
rxn03917_c0,0,0,0,0,0,1,1,0,0,0
rxn00321_c0,0,0,1,0,0,0,1,1,1,0
rxn05567_c0,1,0,1,1,1,0,1,0,1,0
rxn43470_c0,0,0,0,0,0,0,0,0,1,0
rxn09209_c0,1,1,1,1,0,1,1,1,1,1
rxn24610_c0,0,0,0,0,0,0,0,0,0,0
rxn04153_c0,0,0,0,0,0,0,0,0,0,0
rxn09103_c0,0,0,0,1,0,0,1,1,0,0
rxn02476_c0,1,1,1,1,1,1,1,1,1,1
rxn16614_c0,0,0,0,0,0,0,0,0,0,0
rxn08294_c0,1,1,1,0,0,0,1,1,0,0
rxn00639_c0,1,0,0,0,0,0,1,0,0,0
rxn16609_c0,0,0,0,0,0,0,0,1,0,0
rxn00211_c0,1,0,1,1,1,1,1,0,1,0
rxn24609_c0,0,0,0,0,0,0,0,0,0,0
rxn03395_c0,1,1,1,0,0,0,1,1,0,0
rxn03408_c0,1,1,1,1,1,0,1,1,1,1
rxn10468_c0,0,0,0,0,0,0,0,0,0,0
rxn03954_c0,0,0,0,0,1,0,0,0,0,0
rxn02346_c0,0,1,0,0,0,0,1,0,0,0
rxn00558_c0,1,1,1,1,1,1,1,1,1,1
rxn16143_c0,0,0,0,0,0,0,0,0,0,0
rxn00775_c0,1,0,1,1,1,0,1,1,1,0
rxn08136_c0,1,1,1,1,0,1,1,1,1,1
rxn00605_c0,0,0,1,0,1,0,1,0,1,0
rxn13783_c0,1,1,1,1,1,1,1,1,1,1
rxn00473_c0,0,0,0,0,0,0,0,0,0,0
rxn01200_c0,1,1,1,1,1,1,1,1,0,1
rxn00208_c0,1,1,1,1,1,1,1,1,1,1
rxn02286_c0,1,1,1,1,0,1,1,1,1,1
rxn00231_c0,1,1,0,1,0,0,1,1,1,0
rxn00015_c0,0,1,1,0,0,0,0,0,0,0
rxn01662_c0,0,0,0,0,0,1,0,0,0,1
rxn08667_c0,1,0,0,1,0,0,1,1,0,0
rxn02297_c0,1,1,0,1,0,0,1,1,0,0
rxn01219_c0,1,1,1,0,1,1,1,1,1,1
rxn05488_c0,0,0,0,0,0,0,1,0,0,0
rxn01548_c0,0,0,1,0,1,0,1,0,1,0
rxn05542_c0,0,0,1,0,1,1,0,0,0,0
rxn20643_c0,1,0,1,1,0,0,1,1,0,0
rxn15334_c0,0,0,0,0,0,0,0,0,0,0
rxn10188_c0,0,0,0,0,0,0,0,0,0,0
rxn11040_c0,1,1,1,0,1,0,1,1,1,0
rxn00418_c0,0,0,0,0,0,0,1,0,0,0
rxn01255_c0,1,1,1,1,1,1,1,1,1,0
rxn01571_c0,0,0,0,0,0,0,0,0,0,0
rxn00537_c0,1,0,0,0,0,0,0,0,0,0
rxn01480_c0,1,1,1,0,1,0,1,1,1,1
rxn00165_c0,1,1,1,1,1,0,1,1,0,0
rxn01989_c0,1,0,0,0,1,0,1,0,0,0
rxn08821_c0,1,1,1,0,1,0,1,1,1,0
rxn00723_c0,0,0,0,0,0,0,0,0,0,0
rxn05365_c0,1,1,1,0,0,0,1,1,0,0
rxn01241_c0,1,1,1,1,1,1,1,1,1,1
rxn10256_c0,1,1,1,0,0,0,1,1,0,0
rxn00727_c0,1,1,1,1,1,1,1,1,0,0
rxn10223_c0,1,1,1,1,1,1,1,1,1,1
rxn05434_c0,0,1,1,1,0,1,1,0,1,1
rxn05394_c0,1,1,1,0,0,0,1,1,0,0
rxn08792_c0,1,1,1,0,1,0,1,0,1,0
rxn10324_c0,0,0,0,0,0,0,1,0,0,0
rxn01636_c0,1,1,1,1,1,0,0,0,0,0
rxn03504_c0,1,1,1,1,1,0,1,1,0,0
rxn00029_c0,1,1,1,1,1,1,1,1,1,1
rxn05382_c0,0,0,0,0,0,0,0,0,0,0
rxn01258_c0,0,1,0,0,1,0,1,0,0,0
rxn01646_c0,0,0,1,0,1,0,1,0,1,0
rxn05389_c0,0,0,1,0,0,0,0,0,0,0
rxn02213_c0,1,1,1,1,1,1,1,1,0,1
rxn05902_c0,0,0,0,0,0,0,0,0,0,0
rxn05120_c0,1,1,1,0,1,1,1,1,1,1
rxn10340_c0,0,0,0,0,0,0,0,0,0,0
rxn09144_c0,0,0,0,0,0,0,0,0,0,0
rxn01405_c0,0,1,1,0,0,0,0,0,0,0
rxn12638_c0,1,1,1,1,1,1,1,1,1,1
rxn00915_c0,1,1,1,1,1,0,1,1,1,0
rxn09104_c0,0,0,0,1,0,0,1,1,0,0
rxn00849_c0,0,1,1,0,0,0,0,1,1,0
rxn05393_c0,0,0,1,0,0,0,0,0,0,0
rxn08804_c0,1,1,1,0,1,0,1,1,1,0
rxn05691_c0,0,0,0,0,0,0,0,0,0,0
rxn00656_c0,1,1,1,0,0,0,0,1,0,0
rxn03893_c0,1,1,1,0,0,0,1,1,0,0
rxn08890_c0,1,1,1,1,1,0,1,1,1,0
rxn15296_c0,1,1,1,1,0,0,1,1,0,0
rxn11702_c0,0,0,0,0,1,1,1,0,0,1
rxn05614_c0,1,1,1,0,1,0,1,0,0,0
rxn10278_c0,0,0,0,0,0,0,0,0,0,0
rxn03052_c0,1,0,1,1,1,0,1,1,1,0
rxn06729_c0,1,1,1,1,1,1,1,1,1,1
rxn11703_c0,0,0,0,0,0,0,1,0,0,0
rxn10868_c0,0,0,0,0,0,0,0,0,0,0
rxn09996_c0,0,0,0,0,0,0,0,0,0,0
rxn03884_c0,1,1,1,1,0,0,1,1,0,0
rxn00438_c0,1,0,0,1,1,1,1,1,1,1
rxn09162_c0,0,0,0,0,0,0,0,0,0,0
rxn03087_c0,1,0,0,1,1,0,1,0,0,0
rxn02263_c0,0,0,0,0,0,0,0,0,0,0
rxn05467_c0,1,1,1,1,1,1,1,1,1,1
rxn00786_c0,1,1,1,1,1,1,1,1,1,1
rxn19033_c0,0,0,0,0,0,0,0,0,0,0
rxn00328_c0,1,1,1,1,0,0,1,1,0,0
rxn01967_c0,0,0,1,0,1,0,0,0,0,1
rxn05386_c0,1,1,1,1,0,1,1,1,0,1
rxn00875_c0,0,1,0,0,0,0,0,0,0,0
rxn09699_c0,0,0,0,0,0,0,0,0,0,0
rxn23043_c0,1,1,1,1,0,0,1,1,0,0
rxn08396_c0,0,1,1,1,0,1,1,0,1,1
rxn00589_c0,0,0,0,0,0,0,0,0,0,0
rxn03240_c0,1,1,1,1,1,1,1,1,1,1
rxn00737_c0,1,1,1,1,1,0,1,1,0,0
rxn16238_c0,0,0,0,0,0,0,0,0,0,0
rxn02473_c0,1,1,1,1,1,0,1,1,1,0
rxn05528_c0,1,1,1,1,1,0,1,1,1,1
rxn01107_c0,1,1,1,0,0,0,0,0,0,0
rxn09135_c0,0,0,0,0,0,0,0,0,0,0
rxn08842_c0,1,1,1,0,1,0,1,1,1,0
rxn00691_c0,1,1,1,1,1,0,1,1,0,0
rxn08546_c0,1,1,1,1,1,1,1,1,1,1
rxn07468_c0,0,0,0,0,0,0,0,0,0,0
rxn00525_c0,1,1,1,0,1,0,1,1,0,0
rxn02945_c0,0,1,1,0,1,1,0,0,1,1
rxn05188_c0,0,0,1,0,0,0,1,0,0,0
rxn00529_c0,1,0,0,0,1,0,0,0,0,0
rxn10235_c0,1,1,1,1,0,1,1,1,1,1
rxn08879_c0,0,0,0,0,0,0,0,0,0,0
rxn05159_c0,0,0,0,0,0,0,0,0,0,0
rxn09149_c0,0,0,0,0,0,0,0,0,0,0
rxn00250_c0,1,1,1,0,1,1,0,0,1,1
rxn01832_c0,0,0,0,1,0,0,1,0,0,0
rxn09014_c0,1,1,1,0,1,1,1,1,0,1
rxn01545_c0,1,0,1,0,0,0,1,1,0,0
rxn25839_c0,0,0,0,0,0,0,1,1,0,1
rxn00791_c0,1,1,1,1,1,1,1,1,0,0
rxn00835_c0,0,0,0,0,0,0,1,0,0,0
rxn05155_c0,1,0,1,0,0,0,1,0,0,0
rxn08467_c0,1,0,1,0,0,0,1,0,0,0
rxn00260_c0,1,1,1,1,1,1,1,1,1,1
rxn09210_c0,1,1,1,1,0,1,1,1,1,1
rxn03269_c0,1,0,1,0,1,1,0,1,1,1
rxn03253_c0,1,1,1,0,1,1,1,1,1,1
rxn05391_c0,0,0,0,0,0,0,0,0,0,0
rxn05184_c0,0,0,0,0,0,0,0,0,0,0
rxn15338_c0,0,0,1,0,1,0,1,0,0,0
rxn03150_c0,1,0,0,0,0,0,0,0,0,0
rxn03247_c0,1,1,1,1,1,1,1,1,1,1
rxn16142_c0,0,0,0,0,0,0,0,0,0,0
rxn00313_c0,1,1,1,1,1,0,1,1,1,0
rxn01672_c0,1,1,1,1,0,0,1,1,1,0
rxn00711_c0,1,1,1,1,1,1,1,1,1,1
rxn00364_c0,1,1,1,0,1,1,1,1,1,1
rxn12642_c0,1,1,1,1,1,1,1,1,1,1
rxn01102_c0,1,0,0,0,1,0,1,0,0,0
rxn08840_c0,1,1,1,0,1,0,1,1,1,0
rxn00162_c0,0,0,0,0,0,0,0,0,1,0
rxn09163_c0,0,0,0,0,0,0,0,0,0,0
rxn08854_c0,0,0,0,0,0,0,1,0,0,0
rxn05402_c0,1,1,1,0,0,0,1,1,0,0
rxn01575_c0,1,1,1,1,1,1,1,1,1,1
rxn01962_c0,1,1,1,1,1,1,1,1,1,1
rxn09142_c0,0,0,0,0,0,0,0,0,0,0
rxn08790_c0,0,0,0,0,0,0,0,0,0,0
rxn00441_c0,1,1,1,0,1,1,1,1,1,1
rxn01334_c0,1,1,1,1,1,1,1,1,1,1
rxn08123_c0,1,1,1,1,0,1,1,1,1,1
rxn05448_c0,0,1,1,1,0,1,1,0,1,1
rxn07438_c0,1,1,1,1,1,1,1,1,1,1
rxn02345_c0,1,1,1,0,1,0,1,1,1,0
rxn00790_c0,1,1,1,1,1,1,1,1,1,1
rxn05183_c0,1,1,1,0,1,0,1,0,0,0
rxn08844_c0,1,1,1,0,1,0,1,1,1,0
rxn01073_c0,1,1,1,0,1,1,1,1,1,0
rxn00993_c0,1,0,1,0,1,1,0,1,1,1
rxn00837_c0,0,0,0,0,0,0,1,0,0,0
rxn10306_c0,0,0,0,0,0,0,0,0,0,0
rxn01966_c0,0,0,0,0,1,0,0,0,0,1
rxn16507_c0,0,0,0,0,0,0,0,0,0,0
rxn00146_c0,0,1,0,0,0,0,0,0,0,0
rxn05398_c0,1,1,1,1,0,1,1,1,0,1
rxn00014_c0,1,0,0,1,0,1,0,0,0,1
rxn08130_c0,0,0,0,1,1,1,1,0,1,1
rxn09206_c0,1,1,1,1,0,1,1,1,1,1
rxn23239_c0,0,0,0,0,0,0,0,0,0,0
rxn07434_c0,1,1,0,0,1,1,0,1,0,1
rxn00743_c0,1,1,1,1,1,1,0,1,1,1
rxn05318_c0,0,0,0,0,0,1,1,0,0,0
rxn01742_c0,1,0,0,0,0,0,1,0,0,0
rxn40505_c0,0,0,0,0,0,0,0,0,0,0
rxn01924_c0,0,1,0,0,0,0,0,1,0,0
rxn46203_c0,0,0,0,0,0,0,0,0,0,0
rxn00636_c0,0,0,0,0,0,0,0,1,0,0
rxn05420_c0,0,0,0,0,0,0,0,0,0,0
rxn01225_c0,1,1,1,1,0,0,1,1,0,0
rxn00348_c0,1,0,1,0,0,0,0,1,0,0
rxn11940_c0,0,0,0,0,0,0,0,0,0,0
rxn03908_c0,1,1,1,1,1,1,1,1,1,0
rxn02803_c0,1,1,1,0,1,0,1,1,1,0
rxn01641_c0,0,0,0,0,0,0,0,0,0,1
rxn00717_c0,1,0,1,0,0,0,1,0,0,0
rxn05422_c0,0,0,1,0,0,0,0,0,0,0
rxn02521_c0,0,0,1,0,0,0,1,0,0,0
rxn07584_c0,1,0,0,0,1,0,1,0,0,0
rxn05538_c0,0,0,1,0,1,1,0,0,0,0
rxn07949_c0,1,0,0,0,0,0,1,0,0,0
rxn02313_c0,0,0,0,0,0,0,0,0,0,0
rxn05332_c0,1,1,1,1,0,1,1,1,0,1
rxn21729_c0,1,1,1,1,1,0,1,1,1,0
rxn03439_c0,1,1,1,1,0,0,1,1,0,0
rxn10220_c0,1,1,1,1,1,1,1,1,1,1
rxn03248_c0,1,1,1,0,1,1,1,1,1,1
rxn10770_c0,1,1,1,0,1,0,1,1,0,0
rxn05199_c0,1,0,0,0,0,1,1,1,0,0
rxn08296_c0,1,1,1,0,0,0,1,1,0,0
rxn10060_c0,1,1,1,1,1,1,1,1,1,1
rxn03249_c0,1,1,1,0,1,1,1,1,1,1
rxn02989_c0,1,1,1,1,1,1,1,1,1,1
rxn03919_c0,1,0,0,0,0,1,1,1,0,0
rxn00075_c0,0,0,0,0,0,0,0,0,0,0
rxn04600_c0,0,0,0,0,0,0,0,0,0,0
rxn00405_c0,1,0,0,1,0,0,1,1,0,0
rxn02095_c0,1,0,1,0,0,0,0,0,0,0
rxn02484_c0,1,1,1,1,0,0,1,0,1,0
rxn08336_c0,1,1,1,1,1,1,1,1,1,1
rxn08846_c0,1,1,1,0,1,0,1,1,1,0
rxn44539_c0,1,1,1,1,0,0,1,0,0,0
rxn08703_c0,0,0,0,0,1,0,0,0,0,0
rxn00714_c0,1,1,1,0,0,0,0,1,0,0
rxn09265_c0,0,0,0,0,0,0,1,0,0,0
rxn01715_c0,0,0,0,0,0,0,1,0,0,0
rxn26447_c0,0,0,0,0,0,0,0,0,0,0
rxn05151_c0,1,0,1,0,0,0,1,0,0,0
rxn09109_c0,1,1,1,1,1,0,1,1,1,0
rxn15972_c0,1,0,1,0,0,1,1,1,1,1
rxn07981_c0,1,1,1,0,0,0,1,1,0,0
rxn01981_c0,0,0,0,0,0,0,0,0,0,0
rxn07977_c0,1,1,1,1,0,1,1,1,0,1
rxn02235_c0,0,0,0,0,0,0,0,0,0,0
rxn02834_c0,1,1,1,1,1,0,1,1,1,0
rxn00543_c0,1,1,1,1,1,0,1,1,0,0
rxn02733_c0,0,0,0,0,0,0,0,0,0,0
rxn00719_c0,1,1,1,0,0,0,0,0,0,0
rxn01145_c0,1,1,1,1,1,1,1,1,1,1
rxn15749_c0,0,0,0,0,0,0,0,0,0,0
rxn01345_c0,0,0,0,0,0,0,0,0,0,0
rxn04457_c0,1,1,1,1,1,1,1,1,1,1
rxn01621_c0,0,0,1,0,1,0,1,0,0,0
rxn05682_c0,1,1,0,0,0,0,1,1,0,0
rxn01132_c0,1,0,1,0,1,0,1,1,1,1
rxn04453_c0,1,1,1,0,0,0,1,1,0,0
rxn01351_c0,1,1,1,0,1,1,1,1,0,1
rxn01678_c0,1,1,1,1,1,1,1,1,1,1
rxn04082_c0,0,0,0,0,1,0,1,0,0,0
rxn00007_c0,0,0,0,0,0,0,1,0,0,0
rxn00302_c0,1,1,1,1,1,1,1,1,1,1
rxn01124_c0,0,1,0,0,0,0,1,1,0,0
rxn14427_c0,1,1,1,1,1,0,1,1,0,0
rxn10253_c0,1,1,1,0,0,0,1,1,0,0
rxn11859_c0,0,0,0,0,0,0,0,0,0,0
rxn20984_c0,0,0,0,1,0,0,0,0,0,0
rxn02305_c0,1,1,1,1,0,0,1,1,0,0
rxn11510_c0,0,0,0,0,0,0,0,0,0,0
rxn00698_c0,0,0,0,0,0,0,0,0,0,0
rxn08017_c0,1,1,1,1,1,1,1,1,1,1
rxn02497_c0,0,0,0,0,0,0,0,1,0,0
rxn00785_c0,1,1,1,1,1,1,1,1,0,1
rxn01029_c0,1,0,0,1,1,0,0,1,0,0
rxn03991_c0,1,0,1,1,0,0,1,0,0,0
rxn01896_c0,0,1,1,0,0,0,0,0,0,0
rxn02314_c0,0,0,0,1,1,1,1,1,1,0
rxn00817_c0,0,0,1,0,1,0,1,1,0,0
rxn15947_c0,1,1,0,1,0,0,0,1,0,0
rxn00300_c0,1,1,1,1,1,1,1,1,1,1
rxn09315_c0,0,0,0,0,0,0,1,0,0,0
rxn01602_c0,1,1,1,1,1,1,1,1,1,1
rxn00369_c0,0,0,0,0,0,0,1,1,1,0
rxn09158_c0,0,0,0,0,0,0,0,0,0,0
rxn40411_c0,0,0,0,1,0,0,0,0,0,0
rxn00532_c0,0,0,0,0,0,0,0,0,0,0
rxn12549_c0,1,0,0,0,0,0,1,0,0,0
rxn01607_c0,0,0,0,0,0,0,0,0,0,0
rxn24612_c0,0,0,0,0,0,0,0,0,0,0
rxn01390_c0,0,0,0,0,1,0,1,0,0,0
rxn08655_c0,0,1,1,0,1,0,0,0,0,0
rxn04791_c0,1,1,1,1,1,1,1,1,1,1
rxn01389_c0,0,0,0,0,0,0,0,0,0,0
rxn03644_c0,0,0,0,0,0,0,0,0,0,0
rxn27289_c0,1,1,1,1,0,0,1,1,1,0
rxn10415_c0,1,1,1,0,1,0,1,0,0,0
rxn05561_c0,1,0,1,0,1,0,1,1,0,0
rxn05176_c0,1,1,1,0,0,0,1,0,0,0
rxn04162_c0,0,0,0,0,0,0,0,0,0,0
rxn00215_c0,0,0,0,0,0,0,0,0,0,0
rxn01361_c0,0,0,0,0,0,0,0,0,0,0
rxn04016_c0,1,1,1,0,0,0,1,0,0,0
rxn00152_c0,0,0,0,0,0,0,0,0,0,0
rxn02504_c0,1,1,0,1,1,0,1,1,1,0
rxn01833_c0,1,0,0,1,0,0,1,1,0,0
rxn05515_c0,0,0,0,0,0,0,0,0,0,0
rxn08869_c0,1,1,1,0,0,0,1,0,0,0
rxn01509_c0,1,1,1,1,1,1,1,1,1,1
rxn05734_c0,1,1,1,0,1,1,1,1,1,1
rxn05436_c0,0,1,1,1,0,1,1,0,1,1
rxn10285_c0,0,0,0,0,0,0,0,0,0,0
rxn08954_c0,0,0,0,0,0,0,1,0,0,0
rxn00606_c0,1,0,0,0,0,0,1,0,0,0
rxn01508_c0,0,0,0,0,0,1,0,0,1,1
rxn09320_c0,0,0,0,0,0,0,0,0,0,0
rxn06077_c0,1,1,1,1,1,1,1,1,1,1
rxn10322_c0,0,0,0,0,0,0,1,0,0,0
rxn10237_c0,1,1,1,1,0,1,1,1,1,1
rxn01840_c0,1,0,0,0,0,0,1,0,0,0
rxn05156_c0,1,0,1,0,0,0,1,0,0,0
rxn05649_c0,0,1,0,0,0,0,1,0,0,0
rxn04794_c0,0,0,0,0,0,0,1,0,0,0
rxn00504_c0,1,1,1,1,1,1,1,1,0,1
rxn01737_c0,0,0,0,0,0,0,0,0,1,0
rxn08661_c0,0,0,0,1,0,1,0,1,1,1
rxn08851_c0,1,1,1,0,1,0,1,1,1,0
rxn06510_c0,1,1,1,0,1,1,1,1,1,1
rxn01603_c0,1,1,1,1,1,1,1,1,1,1
rxn12645_c0,1,1,1,1,1,1,1,1,1,1
rxn02332_c0,0,0,0,0,0,0,0,0,0,0
rxn04601_c0,0,0,0,0,0,0,0,0,0,0
rxn12512_c0,1,1,1,1,1,1,1,1,1,1
rxn01176_c0,0,0,0,0,0,0,0,0,0,0
rxn02320_c0,1,1,1,1,1,0,1,1,1,0
rxn09003_c0,1,1,1,1,1,0,1,1,0,0
rxn00653_c0,1,1,1,0,1,1,1,1,1,1
rxn09182_c0,0,0,1,1,0,0,1,0,0,0
rxn05351_c0,0,0,0,0,0,0,0,0,0,0
rxn10266_c0,0,0,0,1,0,0,1,1,0,0
rxn01128_c0,0,0,0,0,0,0,1,1,1,0
rxn00409_c0,1,1,1,1,1,1,1,1,1,1
rxn07191_c0,0,0,0,0,0,0,0,0,0,0
rxn04603_c0,0,0,0,0,0,0,0,0,0,0
rxn00307_c0,0,0,0,0,0,0,0,0,0,0
rxn01618_c0,0,0,1,0,0,0,0,0,0,0
rxn00851_c0,1,1,1,1,1,1,1,1,1,1
rxn05353_c0,0,0,0,0,0,0,0,0,0,0
rxn01301_c0,1,1,1,1,1,0,1,1,1,0
rxn09269_c0,0,0,0,0,0,0,0,0,0,0
rxn05378_c0,0,0,0,0,0,0,0,0,0,0
rxn08535_c0,0,0,0,0,0,0,1,0,0,0
rxn10297_c0,0,0,0,0,0,0,1,0,0,0
rxn09159_c0,0,0,0,0,0,0,0,0,0,0
rxn02094_c0,0,0,1,0,0,0,0,0,0,0
rxn00449_c0,0,0,0,0,0,0,0,0,0,0
rxn08618_c0,0,0,0,0,0,0,0,0,0,0
rxn00175_c0,1,1,1,1,1,0,1,1,1,0
rxn01051_c0,0,0,0,0,0,0,0,0,0,0
rxn01387_c0,1,1,1,1,1,0,1,1,0,1
rxn01316_c0,0,0,0,0,1,0,0,1,0,0
rxn05297_c0,1,0,1,1,0,1,1,1,1,1
rxn00562_c0,1,1,1,0,0,0,0,0,0,0
rxn01746_c0,1,0,0,0,0,0,0,0,0,0
rxn10193_c0,0,0,0,0,0,0,0,0,0,0
rxn09193_c0,1,1,0,0,1,0,1,0,0,0
rxn01972_c0,0,0,1,0,0,0,0,0,0,0
rxn00101_c0,1,1,1,0,0,0,1,1,0,0
rxn02465_c0,1,1,1,1,1,0,1,1,1,0
rxn01423_c0,0,1,1,0,0,0,0,0,0,0
rxn01879_c0,0,0,0,0,0,0,0,0,0,0
rxn03004_c0,1,1,1,1,1,1,1,1,1,1
rxn05162_c0,0,0,0,0,0,0,1,0,0,0
rxn00742_c0,1,0,1,0,1,1,0,0,0,1
rxn01775_c0,0,0,1,0,0,0,1,1,0,0
rxn02898_c0,0,0,0,0,1,0,1,0,1,1
rxn09069_c0,1,0,0,0,0,0,1,1,0,0
rxn01893_c0,0,0,0,1,0,0,0,0,0,0
rxn03360_c0,1,0,0,0,1,0,0,0,0,0
rxn05166_c0,1,1,1,0,0,0,0,0,0,0
rxn25270_c0,0,0,0,0,0,0,0,0,0,0
rxn13974_c0,0,0,0,1,0,0,0,0,0,0
rxn00708_c0,1,1,1,1,1,1,1,1,1,1
rxn08171_c0,1,0,0,0,0,0,0,0,0,0
rxn05028_c0,0,0,0,0,1,0,0,0,0,0
rxn01834_c0,1,1,1,0,0,0,1,1,0,0
rxn03643_c0,0,0,0,0,0,0,0,0,0,0
rxn47516_c0,0,0,0,0,0,0,0,0,0,0
rxn04159_c0,0,0,0,0,0,0,0,0,0,0
rxn09233_c0,0,0,0,0,0,0,1,0,0,0
rxn05106_c0,0,0,0,0,0,0,1,0,0,0
rxn23336_c0,1,1,1,0,1,1,1,1,1,1
rxn02400_c0,1,1,1,1,1,1,1,1,1,1
rxn00808_c0,0,0,0,0,1,0,1,1,0,1
rxn01626_c0,1,1,1,0,0,0,0,1,0,0
rxn10282_c0,0,0,0,0,0,0,0,0,0,0
rxn05157_c0,1,0,1,0,0,0,1,1,0,0
rxn00946_c0,1,1,1,0,1,1,1,1,1,1
rxn05673_c0,1,0,0,0,0,0,1,0,0,0
rxn08838_c0,1,1,1,0,1,0,1,1,1,0
rxn00060_c0,1,1,1,1,1,1,1,1,0,1
rxn00377_c0,1,1,1,0,0,0,1,1,0,0
rxn02028_c0,0,0,0,0,0,0,0,0,0,0
rxn11942_c0,0,0,0,0,0,0,0,0,0,0
rxn03043_c0,0,0,0,0,0,0,1,1,0,0
rxn03384_c0,1,1,1,1,1,1,1,1,1,0
rxn02212_c0,1,1,1,1,1,1,1,1,1,0
rxn01521_c0,1,1,1,1,1,1,1,1,1,1
rxn05890_c0,0,1,0,0,0,0,0,0,0,0
rxn03242_c0,0,0,0,0,0,1,0,0,1,1
rxn08444_c0,1,1,1,0,1,0,1,1,0,0
rxn01220_c0,0,0,0,0,0,0,0,0,0,0
rxn00501_c0,1,1,1,0,0,0,0,1,0,0
rxn03245_c0,1,1,1,1,1,1,1,1,1,1
rxn02000_c0,1,0,1,0,1,1,0,1,0,1
rxn03586_c0,0,0,1,0,0,0,1,0,0,0
rxn08020_c0,1,1,1,1,1,1,1,1,1,1
rxn00293_c0,1,1,1,1,1,0,1,1,0,0
rxn10344_c0,1,1,1,1,1,0,1,1,1,1
rxn05493_c0,1,0,0,0,0,0,1,0,0,0
rxn08762_c0,1,0,1,0,1,0,1,0,0,0
rxn16617_c0,0,0,0,0,0,0,0,0,0,0
rxn02321_c0,0,0,0,0,0,0,0,0,0,0
rxn05504_c0,0,0,1,0,1,0,0,0,1,0
rxn10213_c0,0,0,0,0,1,0,0,0,0,0
rxn05616_c0,1,1,1,1,1,0,1,0,0,0
rxn01615_c0,0,0,0,0,0,0,0,0,0,0
rxn01674_c0,0,0,0,0,0,0,1,1,1,0
rxn05500_c0,0,0,0,0,0,0,0,0,0,0
rxn00414_c0,1,1,1,1,1,1,1,1,1,1
rxn05092_c0,1,0,0,0,0,0,1,0,0,0
rxn05469_c0,0,0,0,0,0,0,1,0,0,0
rxn03419_c0,1,1,1,1,1,1,1,1,1,1
rxn08023_c0,0,0,0,0,0,0,1,0,0,0
rxn01292_c0,0,0,0,0,1,0,1,0,0,0
rxn09107_c0,0,0,0,1,0,0,1,1,0,0
rxn00814_c0,0,0,0,0,0,0,0,0,0,0
rxn07948_c0,1,0,0,0,0,0,1,0,0,0
rxn02226_c0,0,0,0,0,0,0,0,0,0,0
rxn03512_c0,1,1,1,0,0,0,0,0,0,0
rxn00695_c0,0,0,1,0,1,0,1,1,1,0
rxn10199_c0,1,1,1,1,1,1,1,1,1,0
rxn08124_c0,1,1,1,1,0,1,1,1,1,1
rxn10210_c0,1,0,0,0,0,0,1,1,0,0
rxn01580_c0,1,0,0,0,0,0,0,0,0,0
rxn05349_c0,1,1,1,1,1,1,1,1,1,1
rxn05663_c0,1,0,0,0,0,0,1,0,0,0
rxn00154_c0,1,1,1,1,1,1,1,1,1,1
rxn07586_c0,0,1,0,0,0,0,0,0,0,0
rxn08298_c0,1,1,1,0,0,0,1,1,0,0
rxn08808_c0,1,1,1,0,1,0,1,1,1,0
rxn08800_c0,1,1,1,0,1,0,1,1,1,0
rxn07441_c0,0,0,0,0,0,0,0,0,0,0
rxn02885_c0,1,0,0,0,0,0,0,0,0,0
rxn05165_c0,1,1,0,0,0,0,1,0,0,0
rxn02270_c0,0,1,0,0,0,0,0,1,0,0
rxn00673_c0,0,0,0,0,0,0,0,0,0,0
rxn01094_c0,0,0,0,0,0,0,1,0,0,0
rxn12847_c0,1,1,1,1,1,1,1,1,1,1
rxn03031_c0,1,1,1,1,1,1,1,1,1,1
rxn10233_c0,1,1,1,1,0,1,1,1,1,1
rxn00506_c0,1,1,1,0,1,1,1,1,1,1
rxn00290_c0,1,0,0,0,1,1,1,1,0,1
rxn00638_c0,1,0,0,0,0,0,0,0,0,0
rxn10313_c0,0,0,0,1,0,1,1,1,1,0
rxn00423_c0,1,1,1,1,1,0,1,1,0,0
rxn00433_c0,1,1,1,0,0,0,0,0,0,0
rxn00288_c0,1,1,1,0,1,0,1,1,1,0
rxn24613_c0,0,0,0,0,0,0,0,0,0,0
rxn01635_c0,1,1,1,0,0,0,0,0,0,0
rxn09314_c0,0,0,0,0,0,0,0,0,0,0
rxn00758_c0,1,1,1,0,1,1,1,1,1,0
rxn05206_c0,1,1,1,1,1,0,1,1,1,0
rxn01709_c0,0,0,0,0,0,0,0,0,0,0
rxn10206_c0,1,0,0,0,0,0,1,1,0,0
rxn01685_c0,0,0,0,0,0,0,0,0,0,0
rxn00066_c0,1,1,0,0,0,0,1,1,0,0
rxn11938_c0,0,0,0,0,0,0,0,0,0,0
rxn00122_c0,1,1,1,1,1,1,1,1,1,1
rxn01314_c0,1,0,0,1,0,0,1,1,0,0
rxn05235_c0,0,0,0,0,0,0,1,0,0,0
rxn08848_c0,1,1,1,0,1,0,1,1,1,0
rxn00379_c0,1,1,1,1,0,1,1,1,1,1
rxn10274_c0,0,0,0,0,0,0,0,0,0,0
rxn05115_c0,1,1,1,1,1,1,1,1,1,1
rxn08552_c0,1,0,0,0,0,0,1,1,0,0
rxn00546_c0,0,0,0,0,1,0,1,0,0,0
rxn00629_c0,1,0,1,0,0,0,0,1,0,0
rxn07466_c0,0,0,0,0,0,0,0,0,0,0
rxn02279_c0,0,0,0,0,0,0,0,0,0,0
rxn12644_c0,1,1,1,1,1,1,1,1,1,1
rxn05327_c0,0,1,1,1,0,1,1,0,1,1
rxn03978_c0,0,0,0,0,0,0,0,0,0,0
rxn02466_c0,0,0,0,0,0,0,0,0,0,0
rxn06937_c0,1,1,1,1,1,1,1,1,1,1
rxn05357_c0,0,0,0,0,0,0,0,0,0,0
rxn01522_c0,1,1,1,0,0,0,1,1,0,0
rxn10207_c0,1,0,0,0,0,0,1,1,0,0
rxn02159_c0,1,1,1,1,1,0,1,1,1,0
rxn01917_c0,1,1,1,1,1,0,1,1,1,0
rxn02402_c0,1,0,0,1,1,1,1,1,0,1
rxn00265_c0,0,0,1,0,0,0,1,0,0,0
rxn01201_c0,0,0,0,0,0,0,0,0,0,0
rxn00143_c0,0,1,1,0,1,0,1,1,0,0
rxn10014_c0,0,0,0,0,0,0,0,0,0,0
rxn10232_c0,1,1,1,1,0,1,1,1,1,1
rxn05147_c0,1,0,0,0,0,0,0,0,0,0
rxn05604_c0,0,0,0,0,0,0,0,0,1,0
rxn10596_c0,0,0,0,0,0,0,0,0,0,0
rxn00539_c0,1,0,1,0,0,0,0,0,0,0
rxn03409_c0,1,1,1,1,1,0,1,1,1,0
rxn07430_c0,1,1,0,0,1,1,0,1,0,1
rxn04661_c0,0,0,0,0,0,0,0,0,0,0
rxn05579_c0,1,1,0,0,1,0,1,0,0,0
rxn08310_c0,1,1,1,1,1,1,1,1,1,1
rxn00305_c0,0,0,0,0,1,0,0,0,0,0
rxn02508_c0,1,1,1,1,0,1,1,1,0,0
rxn05039_c0,0,0,0,0,0,0,1,0,0,0
rxn09562_c0,1,1,1,1,1,1,1,1,1,1
rxn16149_c0,0,0,1,0,0,0,1,0,0,0
rxn09944_c0,0,0,0,0,0,0,0,0,0,0
rxn00355_c0,0,0,0,1,1,0,1,1,1,0
rxn01022_c0,0,0,0,0,0,0,0,0,1,0
rxn05593_c0,0,0,0,0,0,0,0,0,0,0
rxn02071_c0,0,0,0,0,0,0,0,1,0,0
rxn08823_c0,1,1,1,0,1,0,1,1,1,0
rxn04161_c0,0,0,0,0,0,0,0,0,0,0
rxn05146_c0,1,0,1,0,0,0,1,0,0,0
rxn03916_c0,1,0,0,0,0,1,1,1,0,1
rxn24718_c0,1,1,1,1,1,1,1,1,1,1
rxn02937_c0,1,1,1,1,1,1,1,1,1,1
rxn00392_c0,1,1,1,1,1,1,1,1,1,1
rxn28338_c0,0,0,1,0,0,0,1,0,0,1
rxn00470_c0,1,1,1,0,0,0,1,0,0,0
rxn00493_c0,1,1,1,1,1,1,1,1,1,1
rxn25271_c0,0,0,0,0,0,0,0,0,0,0
rxn09106_c0,0,0,0,1,0,0,1,1,0,0
rxn05625_c0,1,1,0,1,0,0,1,0,0,0
rxn00371_c0,1,1,1,1,0,0,1,0,0,0
rxn16611_c0,0,0,0,0,0,1,1,0,0,0
rxn09127_c0,0,0,0,0,0,0,0,0,0,0
rxn05581_c0,1,0,0,0,0,0,1,0,0,0
rxn00365_c0,0,0,0,0,0,0,1,1,1,0
rxn39860_c0,0,0,0,0,0,0,0,0,0,0
rxn01506_c0,0,1,0,0,0,0,1,0,0,0
rxn09176_c0,1,1,1,1,1,0,1,1,0,1
rxn08781_c0,0,0,0,0,0,0,1,0,0,0
rxn01358_c0,0,0,1,0,1,0,1,0,1,0
rxn04604_c0,0,0,0,0,0,1,0,0,1,1
rxn05655_c0,1,0,1,1,1,0,1,0,1,0
rxn03446_c0,1,1,1,1,1,0,1,1,1,0
rxn10839_c0,0,0,0,0,0,0,0,0,0,0
rxn06033_c0,0,0,0,0,0,0,0,0,0,0
rxn01388_c0,1,1,1,1,1,1,1,1,1,1
rxn05248_c0,1,1,1,1,1,1,1,1,1,1
rxn10595_c0,0,0,0,0,0,0,0,0,0,0
rxn05127_c0,0,0,0,0,0,0,1,0,0,0
rxn00508_c0,1,0,0,0,1,0,1,1,1,0
rxn01637_c0,1,1,1,1,1,0,1,0,1,0
rxn05292_c0,1,0,1,0,1,0,1,0,0,0
rxn09256_c0,0,0,0,0,0,0,0,0,0,0
rxn03126_c0,0,0,0,0,0,0,0,0,0,0
rxn00474_c0,1,1,1,1,1,1,1,1,0,0
rxn02288_c0,1,1,1,1,1,1,1,1,1,0
rxn09101_c0,0,0,0,1,0,0,1,1,0,0
rxn10319_c0,0,0,0,0,0,0,1,0,0,0
rxn01631_c0,1,0,0,0,0,0,0,0,0,0
rxn10506_c0,1,1,1,1,1,1,1,1,1,1
rxn00368_c0,0,0,0,0,0,0,1,1,1,0
rxn00988_c0,1,1,1,1,1,1,1,1,1,1
rxn02914_c0,1,1,1,1,1,1,1,1,0,1
rxn13321_c0,0,0,0,0,0,0,1,0,0,0
rxn08040_c0,0,0,0,1,1,1,1,1,1,0
rxn03951_c0,1,1,1,1,0,1,1,1,1,1
rxn04154_c0,0,0,0,0,0,0,0,0,0,0
rxn05527_c0,1,1,0,0,0,0,1,1,0,0
rxn00459_c0,1,1,1,1,1,1,1,1,1,1
rxn12636_c0,1,1,1,1,1,1,1,1,1,1
rxn01289_c0,0,0,0,0,0,0,0,0,0,0
rxn47768_c0,1,1,1,1,1,1,1,1,1,1
rxn10265_c0,0,0,0,1,0,0,1,1,0,0
rxn08353_c0,1,1,1,0,0,0,1,1,0,0
rxn00206_c0,1,1,1,1,1,1,1,1,1,1
rxn01363_c0,0,0,0,0,0,0,0,0,0,0
rxn16573_c0,1,0,0,0,0,0,1,1,0,0
rxn08736_c0,0,0,0,0,0,0,0,0,0,0
rxn00416_c0,1,0,1,1,0,1,1,1,0,1
rxn05608_c0,1,1,1,0,0,0,1,0,0,0
rxn42530_c0,0,0,0,0,0,0,0,1,0,0
rxn03901_c0,1,1,1,1,1,1,1,1,0,1
rxn10335_c0,0,0,0,0,0,0,0,0,0,0
rxn03436_c0,0,0,0,0,0,0,0,0,0,0
rxn05652_c0,0,0,0,0,0,0,1,0,0,0
rxn00463_c0,1,1,1,0,1,1,1,1,0,1
rxn01116_c0,1,1,1,1,1,1,1,1,1,1
rxn11946_c0,1,1,1,0,0,0,1,1,0,0
rxn00832_c0,1,1,1,1,1,1,1,1,1,1
rxn09165_c0,0,0,0,0,0,0,1,0,0,0
rxn01353_c0,1,1,1,1,1,1,1,1,1,1
rxn00065_c0,1,0,0,0,1,0,1,1,0,0
rxn02853_c0,1,1,1,0,1,1,1,1,1,1
rxn02774_c0,1,1,1,0,1,0,1,1,0,0
rxn01925_c0,1,1,0,0,1,1,0,1,1,1
rxn01652_c0,1,1,1,1,1,1,1,1,1,1
rxn01843_c0,1,1,0,1,0,0,1,1,1,0
rxn00552_c0,1,1,1,0,1,0,1,0,0,0
rxn12850_c0,0,0,1,0,1,1,0,0,0,0
rxn03482_c0,0,0,0,0,1,0,1,0,0,0
rxn11944_c0,1,0,1,1,1,0,1,1,1,0
rxn01867_c0,1,1,1,0,0,0,0,0,0,0
rxn07193_c0,0,0,1,0,0,0,0,0,0,0
rxn08233_c0,0,0,0,0,0,0,1,0,0,0
rxn10286_c0,0,0,0,0,0,0,0,0,0,0
rxn46534_c0,0,0,0,0,0,0,0,0,0,0
rxn01476_c0,1,1,1,1,1,0,1,1,1,0
rxn10481_c0,1,1,1,1,1,0,1,1,1,1
rxn05179_c0,1,1,1,0,1,0,1,0,0,0
rxn03869_c0,1,1,0,1,0,0,1,1,1,0
rxn09155_c0,0,0,0,0,0,0,0,0,0,0
rxn04704_c0,1,1,1,1,0,0,1,1,0,1
rxn22016_c0,0,0,0,0,0,0,0,0,0,0
rxn05180_c0,1,0,0,0,0,0,0,0,0,0
rxn04674_c0,0,0,0,0,0,0,0,0,0,0
rxn10161_c0,1,0,0,0,0,0,1,1,0,0
rxn00001_c0,1,1,1,1,1,0,1,1,1,0
rxn00599_c0,0,1,1,0,0,0,0,0,0,0
rxn01226_c0,1,0,1,0,0,0,1,1,0,0
rxn05343_c0,1,1,1,1,1,1,1,1,1,1
rxn39452_c0,1,1,1,1,1,1,1,1,1,1
rxn05168_c0,1,1,1,0,1,0,1,0,0,0
rxn05377_c0,1,1,1,0,0,0,1,1,0,0
rxn13741_c0,1,1,1,1,1,0,1,1,1,0
rxn10279_c0,0,0,0,0,0,0,0,0,0,0
rxn05424_c0,0,0,0,0,0,0,0,0,0,0
rxn06445_c0,1,1,1,1,1,0,1,1,0,0
rxn10264_c0,1,1,1,1,1,0,1,1,1,0
rxn01791_c0,1,1,0,1,0,1,1,1,1,1
rxn08088_c0,0,0,0,0,1,0,0,0,0,0
rxn01011_c0,1,1,0,0,0,0,1,0,1,0
rxn08471_c0,1,0,1,0,0,0,1,0,0,0
rxn01274_c0,1,1,1,0,0,0,1,1,0,0
rxn05545_c0,0,0,1,0,1,1,0,0,0,0
rxn01871_c0,1,1,1,0,1,1,1,1,1,1
rxn08801_c0,1,1,1,0,1,0,1,1,1,0
rxn02342_c0,1,1,1,0,1,1,1,1,1,1
rxn01044_c0,1,1,1,0,1,0,1,0,1,0
rxn08087_c0,0,0,0,0,1,0,0,0,0,0
rxn00241_c0,1,0,1,0,1,1,1,1,1,1
rxn01831_c0,1,1,0,0,0,0,1,0,1,0
rxn01987_c0,1,1,1,0,0,1,1,1,1,1
rxn05380_c0,0,0,1,0,0,0,0,0,0,0
rxn05221_c0,1,0,0,1,0,0,1,1,0,0
rxn05564_c0,1,0,0,0,1,0,0,0,0,0
rxn12147_c0,0,0,0,0,0,0,0,0,0,0
rxn01203_c0,1,0,0,0,1,0,0,0,0,0
rxn01434_c0,1,1,1,1,1,0,1,1,0,0
rxn05445_c0,0,1,1,1,0,1,1,0,1,1
rxn01870_c0,1,1,1,1,1,1,1,0,0,1
rxn05518_c0,0,0,0,0,0,0,1,0,0,0
rxn40037_c0,1,1,1,1,1,1,1,1,1,1
rxn08258_c0,0,0,0,0,0,0,0,0,0,0
rxn03933_c0,1,1,1,1,1,0,1,1,1,1
rxn05326_c0,0,1,1,1,0,1,1,0,1,1
rxn46344_c0,1,0,1,0,0,0,0,0,0,0
rxn16826_c0,0,0,0,0,0,0,0,0,0,0
rxn39451_c0,1,1,1,1,1,1,1,1,1,1
rxn01365_c0,1,0,0,0,0,0,1,0,0,0
rxn08241_c0,1,1,1,1,1,0,1,0,0,0
rxn02517_c0,1,1,1,1,0,1,1,1,1,1
rxn10218_c0,0,0,0,0,1,0,0,0,0,0
rxn03039_c0,1,1,0,1,1,0,1,1,0,0
rxn09112_c0,1,1,1,1,1,0,1,1,1,0
rxn08940_c0,0,0,0,0,0,0,0,0,0,0
rxn05426_c0,0,0,1,0,0,0,0,0,0,0
rxn04113_c0,1,1,1,1,1,1,1,1,1,1
rxn10570_c0,1,0,0,0,0,0,1,1,0,0
rxn05167_c0,1,1,1,0,1,0,1,0,0,0
rxn09316_c0,0,0,0,0,0,0,0,0,0,0
rxn10283_c0,0,0,0,0,0,0,0,0,0,0
rxn08021_c0,1,1,1,1,1,1,1,1,1,1
rxn02224_c0,0,0,0,0,0,0,0,0,0,0
rxn02128_c0,1,1,1,1,1,0,1,1,0,1
rxn04132_c0,1,1,1,1,1,1,1,1,1,1
rxn00131_c0,1,1,1,0,0,0,1,0,0,0
rxn00728_c0,1,0,1,0,0,1,0,0,1,1
rxn01802_c0,1,1,1,0,1,1,0,1,1,1
rxn02376_c0,1,1,1,0,1,1,1,1,1,1
rxn00420_c0,1,1,1,1,1,0,1,1,0,0
rxn04454_c0,0,0,0,0,0,0,0,0,0,0
rxn19006_c0,1,0,1,0,0,0,0,0,0,0
rxn39434_c0,0,0,0,0,0,0,1,0,0,0
rxn10277_c0,0,0,0,0,0,0,0,0,0,0
rxn08793_c0,1,1,1,0,1,0,1,0,1,0
rxn05578_c0,1,0,0,0,0,0,1,0,0,0
rxn08813_c0,1,1,1,0,1,0,1,1,1,0
rxn03194_c0,1,1,1,1,1,0,1,1,1,0
rxn08711_c0,1,0,0,0,0,1,1,1,0,1
rxn03394_c0,1,0,0,0,0,0,1,1,0,0
rxn09123_c0,0,0,0,0,0,0,0,0,0,0
rxn01825_c0,1,0,0,0,0,1,0,1,0,1
rxn05104_c0,0,0,0,0,0,0,1,0,0,0
rxn01446_c0,0,0,1,0,1,0,1,0,1,0
rxn09360_c0,1,0,0,0,0,0,1,1,0,0
rxn03841_c0,1,1,0,1,1,0,1,1,0,0
rxn02009_c0,0,0,0,0,1,0,0,0,0,0
rxn01991_c0,0,0,0,0,0,0,0,0,0,0
rxn09205_c0,1,1,1,1,0,1,1,1,1,1
rxn12640_c0,1,1,1,1,1,1,1,1,1,1
rxn01080_c0,0,0,1,0,0,0,1,1,0,0
rxn05669_c0,0,0,0,0,0,0,0,0,0,0
rxn05543_c0,0,0,1,0,1,1,0,0,0,0
rxn05175_c0,1,1,1,0,0,0,1,0,0,0
rxn00507_c0,1,1,1,1,0,1,1,0,0,1
rxn00616_c0,1,1,1,0,0,0,1,1,0,0
rxn00011_c0,1,1,1,1,1,1,1,1,1,1
rxn01512_c0,1,1,1,1,1,1,1,1,1,1
rxn09130_c0,0,0,0,0,0,0,0,0,0,0
rxn01300_c0,1,1,1,1,1,0,1,1,1,0
rxn00346_c0,0,0,0,1,0,1,1,0,1,1
rxn05501_c0,1,0,1,1,1,0,1,0,1,0
rxn00137_c0,1,1,1,0,0,1,1,1,0,1
rxn00772_c0,1,1,1,0,0,1,1,1,1,1
rxn03041_c0,1,0,0,0,0,0,0,0,0,0
rxn00863_c0,1,1,1,1,1,0,1,1,1,0
rxn16620_c0,0,0,0,0,0,0,0,0,0,0
rxn09129_c0,0,0,0,0,0,0,0,0,0,0
rxn08976_c0,1,1,1,1,1,0,1,1,0,0
rxn10013_c0,0,0,0,0,0,0,0,0,0,0
rxn05373_c0,1,1,1,1,0,1,1,1,0,1
rxn00670_c0,1,0,0,0,1,0,1,1,0,0
rxn08043_c0,1,1,1,1,1,0,1,1,1,0
rxn02246_c0,1,0,0,0,0,0,1,0,1,0
rxn04025_c0,0,0,0,0,0,0,0,0,0,0
rxn14263_c0,0,0,0,0,0,0,0,0,0,0
rxn08179_c0,0,0,0,0,0,0,1,0,0,0
rxn16236_c0,0,0,0,0,0,0,0,1,0,0
rxn16829_c0,0,0,0,0,0,0,0,0,0,0
rxn00269_c0,1,1,1,1,0,0,0,1,1,1
rxn10010_c0,0,0,0,0,0,0,0,0,0,0
rxn02304_c0,0,0,0,0,1,0,0,0,1,0
rxn00839_c0,1,1,1,1,1,1,1,1,1,1
rxn00527_c0,1,1,1,1,1,1,1,1,1,1
rxn05491_c0,1,0,0,0,0,0,1,1,0,0
rxn08818_c0,1,1,1,0,1,0,1,1,1,0
rxn16146_c0,0,0,0,0,0,0,0,0,0,0
rxn03541_c0,0,0,0,0,0,0,0,0,0,0
rxn40436_c0,0,0,0,0,0,0,0,0,0,0
rxn00471_c0,1,1,1,0,0,0,0,0,0,0
rxn05613_c0,1,1,1,0,1,0,1,0,0,0
rxn08656_c0,0,1,1,0,1,0,0,0,0,0
rxn06865_c0,1,1,1,1,0,0,1,1,0,1
rxn08981_c0,1,1,1,0,1,0,1,0,1,0
rxn00692_c0,1,1,1,1,1,1,1,1,1,1
rxn01828_c0,1,0,0,0,0,0,0,0,0,0
rxn00462_c0,1,0,0,0,0,0,0,0,0,0
rxn00283_c0,1,1,1,1,1,0,1,1,1,1
rxn00497_c0,1,0,0,0,1,0,0,0,0,0
rxn05374_c0,0,0,0,0,0,0,0,0,0,0
rxn01642_c0,1,1,1,0,1,1,1,0,0,0
rxn00926_c0,0,1,1,0,0,0,0,0,1,0
rxn01394_c0,0,0,1,0,1,0,1,0,0,0
rxn10271_c0,0,0,0,0,0,0,0,0,0,0
rxn07307_c0,0,0,0,0,0,1,0,0,1,1
rxn04705_c0,0,0,0,0,0,0,0,0,0,0
rxn01516_c0,0,0,0,0,0,0,1,1,1,0
rxn10257_c0,1,1,1,0,0,0,1,1,0,0
rxn02021_c0,0,0,0,0,0,0,0,1,0,0
rxn03062_c0,1,1,1,1,1,0,1,1,1,0
rxn11268_c0,1,0,1,1,1,0,1,1,0,0
rxn03188_c0,1,1,1,0,0,0,0,1,0,0
rxn00123_c0,0,0,0,0,0,0,1,1,0,0
rxn10339_c0,0,0,0,0,0,0,0,0,0,0
rxn03421_c0,1,1,1,1,1,1,1,1,1,1
rxn00499_c0,1,1,1,0,1,0,1,0,1,0
rxn00607_c0,0,0,0,0,0,0,0,0,0,0
rxn00649_c0,1,1,1,1,1,1,1,1,1,0
rxn00400_c0,0,0,0,0,0,1,0,0,0,0
rxn01299_c0,1,1,1,0,0,0,1,1,0,0
rxn08016_c0,1,0,0,0,0,0,1,0,0,0
rxn07965_c0,1,0,0,0,0,0,1,0,0,0
rxn10212_c0,0,0,0,0,1,0,0,0,0,0
rxn11342_c0,0,0,0,0,0,0,0,0,0,0
rxn00295_c0,0,0,0,0,0,0,0,0,0,0
rxn05460_c0,1,1,1,1,1,1,1,1,1,1
rxn05428_c0,0,0,0,0,0,0,0,0,0,0
rxn06874_c0,0,0,0,0,0,0,0,0,0,0
rxn08895_c0,1,1,1,1,1,0,1,1,1,0
rxn02168_c0,0,1,0,0,0,0,0,0,0,0
rxn05249_c0,1,1,1,1,1,1,1,1,1,1
rxn05617_c0,1,0,1,1,1,0,1,0,1,0
rxn00831_c0,1,1,1,1,1,1,1,1,1,1
rxn01236_c0,0,0,0,0,0,0,0,0,0,0
rxn03422_c0,1,0,0,0,0,0,1,1,0,0
rxn08518_c0,0,0,0,0,0,0,0,0,0,0
rxn21861_c0,1,1,1,1,1,1,1,1,1,1
rxn01501_c0,0,0,0,0,0,0,0,1,1,0
rxn10594_c0,0,0,0,0,0,0,0,0,0,0
rxn26307_c0,0,0,1,0,1,0,1,0,0,0
rxn00337_c0,1,1,1,1,1,1,1,1,1,1
rxn01364_c0,1,0,0,0,0,0,1,0,0,0
rxn02798_c0,0,0,0,0,0,0,0,0,0,0
rxn00776_c0,0,0,0,0,0,0,0,0,0,0
rxn02285_c0,1,1,1,1,1,1,1,1,1,1
rxn00322_c0,1,0,0,0,0,0,1,0,0,0
rxn11663_c0,1,1,1,1,0,1,1,1,1,1
rxn02632_c0,1,0,1,0,0,0,0,0,0,0
rxn00756_c0,1,0,1,0,0,1,0,0,0,1
rxn01268_c0,1,1,1,1,1,1,1,1,1,1
rxn01291_c0,0,1,1,0,0,0,0,0,0,0
rxn08735_c0,0,0,0,0,0,0,0,0,0,0
rxn00999_c0,1,0,1,0,0,1,1,1,1,0
rxn21860_c0,1,1,1,0,0,0,1,0,0,0
rxn02522_c0,0,0,1,0,0,0,1,0,0,0
rxn02832_c0,0,0,0,0,1,1,1,0,1,1
rxn40418_c0,0,0,0,0,0,0,1,0,0,0
rxn05602_c0,1,0,0,0,0,0,1,0,0,0
rxn07951_c0,1,0,0,0,0,0,1,0,0,0
rxn09200_c0,1,1,1,1,0,1,1,1,1,1
rxn02569_c0,1,0,0,0,0,1,1,0,0,1
rxn00127_c0,0,0,0,0,0,0,1,0,0,0
rxn09992_c0,0,0,0,0,1,0,1,0,0,0
rxn21864_c0,1,1,0,1,0,0,1,1,0,0
rxn00227_c0,0,0,0,1,1,0,1,0,1,0
rxn00783_c0,1,1,1,0,0,0,1,0,0,0
rxn05958_c0,0,0,0,1,0,0,1,0,0,0
rxn03141_c0,1,1,1,1,1,1,1,1,1,1
rxn00671_c0,1,1,1,0,0,0,0,1,0,0
rxn01302_c0,1,1,1,1,1,0,1,1,1,0
rxn07343_c0,0,0,0,0,0,0,0,0,0,0
rxn05671_c0,0,0,0,0,0,0,1,0,1,0
rxn15167_c0,1,1,1,0,1,1,0,0,1,1
rxn00509_c0,1,1,1,0,1,0,1,1,0,0
rxn10307_c0,0,0,0,1,0,1,1,1,1,0
rxn08084_c0,1,1,1,1,1,1,1,1,1,1
rxn07431_c0,1,1,0,0,1,1,0,1,0,1
rxn01068_c0,0,0,0,1,0,1,1,1,1,1
rxn07979_c0,1,1,1,1,0,1,1,1,0,1
rxn04792_c0,1,1,1,0,0,0,1,1,0,0
rxn00935_c0,1,0,1,0,1,0,1,0,0,0
rxn05072_c0,0,0,0,0,0,0,0,0,0,0
rxn02171_c0,0,0,0,0,0,0,0,0,0,0
rxn05243_c0,0,0,0,0,0,0,0,0,0,0
rxn12510_c0,1,1,1,1,1,0,1,1,0,1
rxn09198_c0,1,1,1,1,0,1,1,1,1,1
rxn10342_c0,0,0,0,0,0,0,0,0,0,0
rxn02268_c0,1,0,0,0,1,0,0,0,1,0
rxn30453_c0,0,0,0,0,0,0,0,0,0,0
rxn03012_c0,1,1,1,1,1,1,1,1,1,1
rxn01541_c0,0,1,0,0,0,0,1,0,0,0
rxn00199_c0,1,1,1,1,1,0,1,1,0,1
rxn03491_c0,1,1,1,0,0,0,0,0,0,0
rxn03034_c0,0,0,0,0,0,0,0,0,0,0
rxn00933_c0,0,0,0,0,0,0,0,0,0,0
rxn05126_c0,0,0,0,0,0,0,1,0,0,0
rxn00710_c0,1,1,1,1,1,1,1,1,1,1
rxn01842_c0,0,0,0,0,0,0,1,0,0,0
rxn03907_c0,1,1,1,1,1,1,1,1,1,1
rxn05054_c0,1,1,1,0,0,0,0,0,0,0
rxn10315_c0,0,0,0,1,0,1,1,1,1,0
rxn01763_c0,0,0,0,0,1,0,1,0,0,0
rxn09131_c0,0,0,0,0,0,0,0,0,0,0
rxn03535_c0,1,1,1,0,0,1,1,1,0,1
rxn11932_c0,0,0,0,0,0,0,0,0,0,0
rxn04386_c0,0,0,0,0,0,0,0,0,0,0
rxn03958_c0,1,0,0,1,1,1,1,1,1,1
rxn06723_c0,1,1,1,1,0,1,1,1,0,1
rxn08811_c0,1,1,1,0,1,0,1,1,1,0
rxn05239_c0,1,1,1,1,1,1,1,1,1,1
rxn02360_c0,1,1,1,0,0,0,0,0,0,0
rxn08896_c0,1,0,0,0,0,0,1,0,0,0
rxn00212_c0,0,0,0,0,0,0,1,0,0,0
rxn09207_c0,1,1,1,1,0,1,1,1,1,1
rxn06848_c0,0,0,0,0,0,0,1,0,0,0
rxn00189_c0,1,1,1,1,1,1,1,1,1,1
rxn00880_c0,0,0,0,0,0,0,0,0,0,0
rxn00358_c0,0,0,1,0,1,0,0,0,0,0
rxn01671_c0,1,0,0,0,0,0,1,0,0,0
rxn09152_c0,0,0,0,0,0,0,0,0,0,0
rxn05328_c0,0,1,1,1,0,1,1,0,1,1
rxn00744_c0,1,0,1,0,1,0,1,0,0,0
rxn03324_c0,0,0,0,0,0,0,0,0,0,0
rxn12646_c0,1,1,1,1,1,1,1,1,1,1
rxn13827_c0,1,0,0,0,0,0,1,0,0,0
rxn04045_c0,0,0,1,0,0,0,0,0,0,0
rxn10312_c0,0,0,0,1,0,1,1,1,1,0
rxn04989_c0,1,0,0,0,0,0,0,1,1,0
rxn02449_c0,0,0,0,0,0,0,1,1,0,0
rxn10281_c0,0,0,0,0,0,0,0,0,0,0
rxn05356_c0,0,0,0,0,0,0,0,0,0,0
rxn04656_c0,0,0,0,0,0,0,0,0,0,0
rxn08201_c0,0,0,0,0,0,0,1,0,0,0
rxn08127_c0,1,0,1,0,0,0,1,1,1,0
rxn05338_c0,1,1,1,1,1,1,1,1,1,1
rxn12641_c0,1,1,1,1,1,1,1,1,1,1
rxn09108_c0,1,1,1,1,1,0,1,1,1,0
rxn00611_c0,1,1,1,1,1,1,1,1,1,1
rxn05040_c0,1,1,1,1,1,1,1,1,1,1
rxn08865_c0,0,0,0,0,0,0,0,0,0,0
rxn00676_c0,1,1,1,0,1,1,1,1,1,1
rxn05507_c0,0,0,0,0,0,0,0,0,0,0
rxn04046_c0,0,0,0,0,0,0,0,0,0,0
rxn07966_c0,1,0,0,0,0,0,1,0,0,0
rxn01199_c0,1,1,1,0,1,0,1,0,0,0
rxn07439_c0,1,0,1,0,0,1,1,1,1,1
rxn01452_c0,0,1,1,0,0,1,1,1,1,1
rxn08475_c0,1,0,1,1,1,0,1,0,0,0
rxn01974_c0,1,1,1,1,1,1,1,1,1,1
rxn29769_c0,1,0,1,0,0,0,0,0,0,0
rxn09202_c0,1,1,1,1,0,1,1,1,1,1
rxn00113_c0,1,1,1,1,1,1,1,1,1,1
rxn02933_c0,1,1,1,0,1,0,1,1,1,1
rxn05444_c0,0,1,1,1,0,1,1,0,1,1
rxn01648_c0,0,0,0,0,1,1,0,0,1,0
rxn02331_c0,1,1,1,1,0,1,1,1,0,1
rxn02363_c0,0,0,0,0,0,0,0,0,0,0
rxn01705_c0,0,0,0,0,0,0,1,1,1,0
rxn01675_c0,1,0,1,0,1,1,1,1,1,1
rxn42682_c0,1,0,0,0,0,0,0,0,0,0
rxn07587_c0,0,1,1,0,0,0,0,0,0,0
rxn05412_c0,0,0,0,0,0,0,0,0,0,0
rxn01438_c0,0,0,0,0,0,1,0,0,0,1
rxn01134_c0,1,0,1,0,0,0,0,0,1,0
rxn02431_c0,0,0,0,0,0,0,0,0,0,0
rxn00810_c0,0,1,1,0,0,0,0,0,0,0
rxn05198_c0,1,0,0,0,0,1,1,1,0,0
rxn05646_c0,0,0,0,0,0,0,1,0,0,0
rxn01923_c0,1,0,0,0,1,0,0,0,1,0
rxn10113_c0,1,1,1,1,1,1,1,1,1,1
rxn08086_c0,0,0,0,0,1,0,0,0,0,0
rxn00646_c0,1,1,1,0,0,0,1,1,0,0
rxn00642_c0,1,1,0,1,1,1,1,1,0,1
rxn03159_c0,1,1,1,1,0,1,1,1,0,1
rxn08901_c0,1,0,1,0,1,0,1,0,0,0
rxn00623_c0,1,1,1,0,0,0,1,1,0,0
rxn00121_c0,0,0,1,0,0,0,0,0,0,0
rxn00615_c0,1,1,1,0,1,0,1,1,0,0
rxn05305_c0,1,1,1,0,0,0,0,0,0,0
rxn01278_c0,0,0,1,0,1,0,0,0,0,0
rxn00784_c0,0,0,1,0,1,0,1,0,1,0
rxn00160_c0,0,0,1,0,0,0,0,0,0,0
rxn00183_c0,1,1,1,1,1,1,1,1,0,1
rxn00511_c0,0,0,0,0,0,0,0,0,0,0
rxn03537_c0,1,1,1,0,0,0,0,0,0,0
rxn06934_c0,0,0,1,0,1,0,1,0,0,0
rxn10273_c0,0,0,0,0,0,0,0,0,0,0
rxn05893_c0,0,0,0,1,0,0,0,0,0,0
rxn03906_c0,0,0,0,0,0,0,0,0,0,0
rxn00641_c0,1,1,1,1,1,1,1,1,1,1
rxn05559_c0,0,0,0,0,0,0,1,0,0,0
rxn02480_c0,0,0,0,0,0,0,0,0,0,0
rxn10269_c0,0,0,0,1,0,0,1,1,0,0
rxn05681_c0,0,0,0,0,0,0,1,0,0,0
rxn04651_c0,1,1,1,0,0,0,1,0,0,0
rxn12845_c0,1,1,1,1,1,1,1,1,1,1
rxn00555_c0,1,1,1,1,1,1,1,1,1,1
rxn00897_c0,1,0,1,0,0,0,0,0,0,0
rxn01404_c0,0,0,0,0,0,0,1,0,0,0
rxn00777_c0,1,1,1,1,1,0,1,1,1,0
rxn00140_c0,1,1,1,0,1,0,1,1,0,0
rxn11934_c0,0,0,0,0,0,0,0,0,0,0
rxn12432_c0,1,0,0,0,0,0,0,0,0,0
rxn05737_c0,1,0,1,0,0,0,1,0,0,0
rxn01450_c0,0,0,0,0,0,0,0,0,0,0
rxn22017_c0,0,0,0,0,0,0,0,0,0,0
rxn05599_c0,1,0,0,0,1,0,0,0,0,0
rxn09188_c0,1,1,1,1,1,0,1,1,1,0
rxn05496_c0,0,0,0,0,0,0,1,1,0,0
rxn02160_c0,1,1,1,1,1,0,1,1,1,0
rxn00640_c0,1,1,1,1,1,1,1,1,1,1
rxn00467_c0,0,0,0,0,1,1,0,0,0,1
rxn09242_c0,1,0,1,1,1,0,1,0,1,0
rxn40410_c0,0,0,0,1,0,0,0,0,0,0
rxn00330_c0,1,1,1,0,0,0,1,1,0,0
rxn00567_c0,0,1,0,0,0,0,0,0,0,0
rxn01304_c0,0,1,1,0,0,0,1,1,0,0
rxn05192_c0,0,0,1,0,1,0,0,0,1,0
rxn00274_c0,0,0,0,1,0,1,1,1,1,1
rxn11545_c0,0,0,0,0,0,0,0,0,0,0
rxn00095_c0,1,0,0,1,0,0,1,1,0,0
rxn05457_c0,1,1,1,1,0,1,1,1,1,1
rxn06600_c0,1,1,0,0,1,1,1,0,1,1
rxn01990_c0,0,1,0,0,0,0,1,0,0,0
rxn03514_c0,1,1,1,0,0,0,0,0,0,0
rxn05331_c0,1,1,1,1,0,1,1,1,0,1
rxn01000_c0,1,1,1,1,1,1,1,1,1,1
rxn03136_c0,1,1,1,1,1,1,1,1,0,1
rxn10309_c0,0,0,0,1,0,1,1,1,1,0
rxn01515_c0,0,0,0,0,0,0,1,1,1,0
rxn00762_c0,0,0,0,0,0,0,1,0,0,0
rxn05181_c0,1,1,1,0,1,0,1,0,1,0
rxn05174_c0,1,1,1,1,1,0,1,0,0,0
rxn05533_c0,0,0,1,0,1,1,0,0,0,0
rxn01964_c0,1,1,1,1,1,1,1,1,0,0
rxn01489_c0,0,1,1,0,1,1,0,0,1,1
rxn00224_c0,1,1,1,1,1,1,1,1,1,1
rxn10224_c0,1,1,1,1,1,1,1,1,1,1
rxn00105_c0,1,1,1,1,1,1,1,1,1,1
rxn01951_c0,0,1,1,0,0,0,0,0,0,0
rxn01573_c0,1,0,0,0,1,0,0,1,0,0
rxn05202_c0,1,0,0,0,0,0,1,1,0,0
rxn00333_c0,0,1,1,0,1,0,0,0,0,0
rxn10234_c0,1,1,1,1,0,1,1,1,1,1
rxn05216_c0,0,0,0,0,0,0,0,0,0,0
rxn06673_c0,1,1,1,1,1,1,1,1,1,1
rxn01682_c0,1,1,1,1,1,1,1,1,0,0
rxn04152_c0,0,0,0,0,0,0,0,0,0,0
rxn08803_c0,1,1,1,0,1,0,1,1,1,0
rxn08300_c0,1,1,1,0,0,0,1,1,0,0
rxn10276_c0,0,0,0,0,0,0,0,0,0,0
rxn09989_c0,0,0,0,0,0,0,0,0,0,0
rxn14126_c0,0,0,0,0,1,0,0,0,0,0
rxn05566_c0,0,1,0,0,0,1,1,0,0,1
rxn01252_c0,0,0,0,0,0,0,0,0,0,0
rxn00601_c0,1,0,0,0,0,0,1,1,0,0
rxn08995_c0,1,0,0,0,0,0,1,0,0,0
rxn00634_c0,0,0,0,1,0,0,0,0,0,0
rxn00336_c0,1,1,1,0,0,0,1,1,0,0
rxn08262_c0,0,0,0,0,0,0,0,0,0,0
rxn01454_c0,0,0,0,0,0,0,0,0,1,0
rxn05064_c0,1,1,1,1,1,1,1,1,1,1
rxn10011_c0,0,0,0,0,0,0,0,0,0,0
rxn01106_c0,1,1,1,1,1,1,1,1,1,1
rxn00778_c0,0,0,1,0,0,0,1,0,0,0
rxn16110_c0,0,0,0,0,1,0,0,0,0,0
rxn00533_c0,1,1,1,1,1,1,1,1,1,1
rxn01729_c0,0,0,0,1,0,0,0,1,0,0
rxn01492_c0,1,0,0,0,1,0,1,0,0,0
rxn24966_c0,0,0,0,0,0,0,0,0,0,0
rxn01513_c0,1,1,1,1,1,0,1,1,1,0
rxn01673_c0,1,1,1,1,1,1,1,1,1,1
rxn08742_c0,0,0,0,0,0,0,0,0,0,0
rxn05441_c0,0,1,1,1,0,1,1,0,1,1
rxn03509_c0,0,0,0,0,0,0,0,0,0,0
rxn01406_c0,1,0,1,0,1,0,1,0,0,0
rxn10293_c0,0,0,0,0,0,0,1,0,0,0
rxn09657_c0,1,1,0,0,0,0,1,1,0,0
rxn02971_c0,1,0,0,0,0,0,1,0,0,0
rxn01459_c0,1,1,1,0,1,1,1,1,1,1
rxn00479_c0,0,0,0,0,0,0,0,0,0,0
rxn10052_c0,1,1,1,1,1,1,1,1,1,1
rxn08810_c0,1,1,1,0,1,0,1,1,1,0
rxn05352_c0,0,0,0,0,0,0,0,0,0,0
rxn01329_c0,1,1,1,1,1,1,1,1,1,1
rxn05514_c0,1,0,0,1,0,0,1,1,0,1
rxn04748_c0,0,0,0,0,0,0,0,0,0,0
rxn05468_c0,1,1,1,1,1,1,1,1,1,1
rxn08073_c0,1,1,1,1,0,1,1,1,1,1
rxn03435_c0,1,1,1,1,1,0,1,1,1,0
rxn03638_c0,1,1,1,1,1,0,1,1,0,0
rxn12637_c0,1,1,1,1,1,1,1,1,1,1
rxn05247_c0,1,1,1,1,1,1,1,1,1,1
rxn01453_c0,0,0,1,0,0,0,0,0,0,0
rxn02344_c0,0,0,0,0,0,0,0,0,0,0
rxn00225_c0,0,1,0,0,1,0,1,1,0,0
rxn05508_c0,0,0,0,0,0,0,1,0,0,0
rxn42976_c0,1,0,0,1,0,0,0,0,0,0
rxn01297_c0,1,1,1,0,0,0,1,1,0,0
rxn03264_c0,1,1,1,1,0,1,1,1,1,1
rxn08918_c0,0,0,0,0,0,0,1,0,0,0
rxn01679_c0,0,0,0,0,0,0,1,1,1,0
rxn08287_c0,1,1,1,1,1,1,1,1,1,1
rxn00763_c0,1,1,1,0,1,0,1,1,0,0
rxn44043_c0,0,0,0,0,0,0,1,0,0,0
rxn08131_c0,1,0,1,1,0,0,1,1,0,0
rxn10504_c0,0,0,0,0,0,0,0,0,0,0
rxn08712_c0,0,0,0,0,0,0,1,0,0,0
rxn16679_c0,0,0,0,0,0,1,1,0,0,1
rxn05315_c0,1,1,1,1,1,0,0,1,1,0
rxn08943_c0,0,0,0,0,0,0,1,0,0,0
rxn08119_c0,1,1,1,1,0,0,1,1,0,0
rxn26305_c0,0,1,0,0,0,0,0,0,0,0
rxn00083_c0,1,1,1,0,0,0,1,1,0,0
rxn01419_c0,0,0,0,0,0,0,0,0,0,0
rxn05114_c0,1,1,1,1,1,1,1,1,1,1
rxn08098_c0,1,1,1,0,1,1,1,0,0,1
rxn00672_c0,0,0,0,0,0,0,0,0,0,0
rxn02929_c0,1,1,1,1,1,1,1,1,1,1
rxn05440_c0,0,1,1,1,0,1,1,0,1,1
rxn00874_c0,1,1,1,0,1,1,1,1,1,1
rxn03020_c0,0,0,0,0,0,0,0,0,0,0
rxn07976_c0,1,1,1,1,0,1,1,1,0,1
rxn05534_c0,0,0,1,0,1,1,0,0,0,0
rxn03057_c0,1,0,0,1,0,0,1,0,0,0
rxn01630_c0,1,0,0,0,0,0,0,0,0,0
rxn04056_c0,0,0,0,0,1,0,1,0,0,0
rxn21859_c0,0,1,1,1,0,1,1,0,1,1
rxn00847_c0,0,0,0,0,0,0,0,0,0,0
rxn02959_c0,0,0,0,0,0,0,0,0,0,0
rxn02029_c0,0,0,0,0,0,0,0,0,0,0
rxn02007_c0,1,1,1,0,0,0,0,0,0,0
rxn05172_c0,1,0,1,0,1,0,1,0,0,0
rxn03891_c0,0,0,0,0,1,0,1,1,0,0
rxn05938_c0,0,0,0,1,0,0,1,0,0,0
rxn01961_c0,1,1,1,1,1,1,1,1,1,1
rxn08841_c0,1,1,1,0,1,0,1,1,1,0
rxn00237_c0,1,1,1,1,1,1,1,1,1,1
rxn00701_c0,0,0,0,1,1,0,1,1,1,0
rxn00514_c0,1,1,1,1,1,1,1,1,1,1
rxn00285_c0,1,1,1,1,1,1,1,1,1,1
rxn00979_c0,0,0,0,0,0,0,1,0,0,0
rxn02792_c0,1,0,1,0,1,0,1,1,1,0
rxn00943_c0,1,1,1,0,1,0,1,1,0,0
rxn00010_c0,1,0,0,0,0,0,0,0,0,0
rxn00228_c0,0,0,0,0,0,0,0,0,0,0
rxn00395_c0,1,0,0,0,0,0,0,0,1,0
rxn08615_c0,1,0,1,1,0,0,1,1,0,0
rxn05323_c0,0,1,1,1,0,1,1,0,1,1
rxn00469_c0,1,0,1,0,0,1,1,1,1,1
rxn00689_c0,1,1,1,1,1,1,1,1,1,1
rxn05385_c0,0,0,1,0,0,0,0,0,0,0
rxn05164_c0,1,0,1,0,0,0,1,0,0,0
rxn09133_c0,0,0,0,0,0,0,0,0,0,0
rxn05506_c0,0,0,0,0,0,0,0,0,0,0
rxn09010_c0,0,0,0,0,0,0,0,0,0,0
rxn09450_c0,1,1,1,1,1,1,1,1,1,1
rxn10469_c0,0,0,0,0,0,0,0,0,0,0
rxn03182_c0,1,1,1,1,0,0,1,1,0,0
rxn05463_c0,0,0,0,0,0,0,0,0,0,0
rxn46549_c0,0,0,0,0,0,0,0,0,0,0
rxn00262_c0,1,0,0,1,1,0,1,1,0,0
rxn01123_c0,1,1,1,0,0,0,1,1,0,0
rxn01396_c0,1,1,1,0,1,0,1,0,0,0
rxn05236_c0,0,0,0,0,0,0,1,0,0,0
rxn05585_c0,1,0,0,0,1,0,1,0,0,0
rxn16217_c0,0,0,0,0,0,0,0,0,0,0
rxn05443_c0,0,1,1,1,0,1,1,0,1,1
rxn00256_c0,1,1,1,0,1,1,1,1,1,1
rxn08521_c0,0,0,0,0,0,0,1,1,0,0
rxn03883_c0,0,0,0,0,0,0,0,0,0,0
rxn06335_c0,1,1,0,0,1,1,0,1,1,1
rxn00182_c0,1,1,1,0,0,0,1,1,1,0
rxn05615_c0,0,0,0,0,0,0,1,0,0,0
rxn04745_c0,0,0,0,0,0,0,0,0,0,0
rxn05256_c0,1,1,1,0,0,1,1,1,0,1
rxn05152_c0,1,0,1,0,0,0,1,0,0,0
rxn01416_c0,1,0,0,0,1,0,1,1,1,0
rxn43581_c0,1,1,1,1,1,1,1,1,1,1
rxn05153_c0,1,1,1,0,0,0,1,1,0,0
rxn05618_c0,1,1,1,0,1,0,1,1,0,0
rxn05364_c0,0,0,1,0,0,0,0,0,0,0
rxn06076_c0,1,1,1,1,1,1,1,1,0,1
rxn02003_c0,1,0,1,0,1,1,0,1,1,1
rxn01093_c0,0,0,0,0,0,0,1,0,0,0
rxn24830_c0,1,1,1,1,1,0,1,1,0,0
rxn26456_c0,0,0,1,0,0,0,1,0,0,0
rxn05376_c0,0,0,1,0,0,0,0,0,0,0
rxn00248_c0,0,1,1,1,0,1,1,1,1,1
rxn08816_c0,1,1,1,0,1,0,1,1,1,0
rxn02552_c0,0,0,0,0,0,0,1,0,0,0
rxn09240_c0,1,1,1,0,0,1,1,1,1,1
rxn05207_c0,0,0,0,0,0,0,1,0,1,0
rxn05647_c0,1,0,1,1,1,0,1,0,1,0
rxn05736_c0,1,1,1,1,1,1,1,1,1,1
rxn03990_c0,1,0,1,1,0,0,1,0,0,0
rxn08798_c0,1,1,1,0,1,0,1,1,1,0
rxn02190_c0,1,1,1,0,0,0,0,1,0,0
rxn10295_c0,0,0,0,0,0,0,1,0,0,0
rxn00789_c0,1,1,1,1,1,0,1,1,1,0
rxn03075_c0,0,0,0,0,0,0,1,0,0,0
rxn05430_c0,0,0,1,0,0,0,0,0,0,0
rxn05319_c0,1,1,1,1,1,1,1,1,1,1
rxn02161_c0,0,0,0,0,1,0,1,0,0,0
rxn00907_c0,1,1,1,1,1,1,1,1,1,1
rxn02916_c0,1,1,1,1,1,1,1,1,1,1
rxn00126_c0,1,1,1,1,1,1,1,1,1,1
rxn08044_c0,0,0,1,0,0,1,1,1,1,1
rxn02988_c0,1,0,0,1,1,0,1,1,0,0
rxn04133_c0,1,1,1,1,1,1,1,1,1,1
rxn05410_c0,0,0,1,0,0,0,0,0,0,0
rxn02911_c0,1,1,1,1,1,1,1,1,1,1
rxn16106_c0,0,0,0,0,1,0,0,0,0,0
rxn00172_c0,0,0,0,0,0,0,0,0,1,0
rxn05334_c0,1,1,1,1,0,1,1,1,0,1
rxn05656_c0,1,0,0,0,1,0,1,0,0,0
rxn08048_c0,0,0,0,0,0,0,1,0,0,0
rxn00222_c0,1,0,1,0,1,1,1,1,0,1
rxn01819_c0,0,0,0,0,1,1,0,1,1,1
rxn00141_c0,1,1,1,0,1,0,0,1,1,1
rxn08979_c0,0,0,0,0,0,0,0,0,0,0
rxn00836_c0,1,1,1,0,1,0,1,1,1,0
rxn11941_c0,0,0,0,0,0,0,0,0,0,0
rxn02405_c0,1,1,1,1,0,1,1,1,0,1
rxn04048_c0,0,0,0,0,0,0,0,0,0,0
rxn04052_c0,0,0,0,0,0,0,0,0,0,0
rxn01830_c0,1,0,0,0,0,0,0,0,0,0
rxn02986_c0,0,0,0,0,0,1,0,0,1,1
rxn05621_c0,1,0,0,0,1,0,1,0,0,0
rxn03060_c0,1,0,0,0,1,0,0,0,0,0
rxn41683_c0,1,1,1,1,0,0,1,0,0,0
rxn02167_c0,1,1,1,1,1,1,1,1,1,1
rxn05306_c0,1,0,0,0,0,0,1,0,0,0
rxn03135_c0,1,1,1,1,1,0,1,1,1,0
rxn03910_c0,1,1,1,1,1,1,1,1,1,1
rxn00588_c0,1,0,0,0,0,0,1,0,0,0
rxn02596_c0,0,0,1,0,1,0,1,1,0,0
rxn08937_c0,0,0,0,0,0,0,0,0,0,0
rxn08085_c0,0,0,0,0,1,0,0,0,0,0
rxn00478_c0,1,0,0,0,0,1,0,0,0,1
rxn00351_c0,1,1,1,0,0,0,1,1,0,0
rxn05395_c0,0,0,0,0,0,0,0,0,0,0
rxn01740_c0,1,1,1,1,1,1,1,1,1,1
rxn00735_c0,1,1,1,1,1,0,1,1,1,0
rxn01663_c0,0,0,0,0,0,1,0,0,0,1
rxn00768_c0,0,0,0,0,0,0,0,0,0,0
rxn01912_c0,0,0,0,0,0,0,0,0,0,0
rxn01578_c0,0,0,0,0,0,0,0,0,0,0
rxn00917_c0,1,1,1,1,1,1,1,1,1,1
rxn08120_c0,1,1,1,1,0,0,1,1,0,0
rxn05006_c0,1,1,1,1,1,0,1,1,0,0
rxn08187_c0,0,0,0,0,0,0,0,0,0,0
rxn05185_c0,0,0,0,0,0,0,1,0,0,0
rxn03038_c0,0,0,0,0,0,0,0,0,0,0
rxn00038_c0,0,0,0,0,0,0,0,0,0,0
rxn10334_c0,0,0,0,0,0,0,0,0,0,0
rxn05439_c0,0,1,1,1,0,1,1,0,1,1
rxn01053_c0,1,1,1,0,1,1,1,0,0,1
rxn09128_c0,0,0,0,0,0,0,1,1,0,0
rxn00568_c0,1,0,1,1,1,0,1,1,0,0
rxn00614_c0,0,0,0,0,0,0,0,0,0,0
rxn07589_c0,0,0,0,0,0,0,0,0,0,0
rxn04050_c0,0,0,0,0,0,0,0,0,0,0
rxn03852_c0,0,1,1,0,0,0,0,0,0,0
rxn00366_c0,1,0,0,0,0,0,1,1,0,0
rxn00350_c0,1,0,1,0,1,0,1,1,1,0
rxn08470_c0,1,0,1,0,0,0,1,0,0,0
rxn08089_c0,1,1,1,1,1,1,1,1,1,1
rxn00779_c0,0,0,0,1,0,0,0,0,0,0
rxn01385_c0,1,0,1,0,0,0,0,0,0,0
rxn00173_c0,1,0,0,0,1,0,1,1,0,0
rxn05105_c0,0,0,0,0,0,0,1,0,0,0
rxn01483_c0,0,0,0,0,0,0,0,0,0,0
rxn08715_c0,1,1,1,1,1,0,1,1,1,1
rxn05549_c0,0,0,1,0,0,0,0,0,0,0
rxn05740_c0,1,0,1,0,1,0,1,1,1,0
rxn06858_c0,0,0,0,0,0,0,0,0,0,0
rxn22791_c0,0,0,0,1,0,0,0,0,0,0
rxn05346_c0,1,1,1,1,1,1,1,1,1,1
rxn03085_c0,0,0,0,0,0,0,0,0,0,0
rxn05680_c0,0,0,0,0,0,0,0,0,0,0
rxn08898_c0,1,1,1,1,1,0,1,1,1,0
rxn00148_c0,1,0,1,0,1,1,1,1,1,1
rxn00429_c0,1,0,0,0,0,0,0,0,0,0
rxn04660_c0,0,0,0,0,0,0,0,0,0,0
rxn05494_c0,0,1,0,0,0,0,1,1,0,0
rxn12500_c0,0,0,0,0,0,0,0,0,0,0
rxn14023_c0,0,0,0,0,0,0,0,0,0,0
rxn09333_c0,0,0,0,0,0,0,0,0,0,0
rxn10162_c0,1,0,0,0,0,0,1,1,0,0
rxn00668_c0,0,0,1,0,0,0,1,0,1,0
rxn00342_c0,1,0,1,0,0,1,1,1,0,1
rxn16237_c0,0,0,0,0,0,0,0,1,0,0
rxn00608_c0,0,0,0,0,1,0,1,0,0,0
rxn02811_c0,1,1,1,1,1,0,1,1,1,0
rxn14070_c0,0,0,0,0,0,0,0,0,0,0
rxn16619_c0,0,0,0,0,0,0,0,0,0,0
rxn01286_c0,1,1,1,0,1,1,1,1,1,1
rxn08312_c0,1,1,1,1,1,1,1,1,1,1
rxn09137_c0,0,0,0,0,0,0,0,0,0,0
rxn03108_c0,1,1,1,1,0,0,1,0,1,0
rxn00411_c0,1,0,1,0,1,1,1,1,1,1
rxn00577_c0,0,0,0,0,1,0,0,1,0,0
rxn05219_c0,1,1,1,0,1,0,1,0,0,0
rxn01285_c0,0,0,0,0,0,0,0,0,0,0
rxn00221_c0,0,0,0,0,0,0,1,0,0,0
rxn08599_c0,0,0,0,1,0,0,1,1,0,0
rxn01985_c0,0,0,1,0,1,0,1,0,1,0
rxn04158_c0,0,0,0,0,0,0,0,0,0,0
rxn03396_c0,1,1,1,0,0,0,1,1,0,0
rxn03897_c0,1,0,0,0,0,0,0,0,0,0
rxn01025_c0,1,0,1,0,0,0,1,0,0,0
rxn00145_c0,1,1,1,0,1,0,1,0,0,0
rxn01639_c0,0,0,0,0,1,0,1,0,0,0
rxn03898_c0,1,0,0,0,0,0,0,0,0,0
rxn42230_c0,1,1,1,0,0,1,1,1,0,1
rxn02404_c0,1,0,0,1,1,1,1,1,0,0
rxn04657_c0,0,0,0,0,0,0,0,0,0,0
rxn01333_c0,1,1,1,1,1,1,1,1,1,1
rxn05555_c0,0,0,0,0,0,0,0,0,0,0
rxn00018_c0,0,0,1,0,0,0,0,0,0,0
rxn05462_c0,1,1,1,1,0,1,1,1,0,1
rxn00460_c0,1,0,1,0,1,1,1,1,1,1
rxn17731_c0,1,1,1,1,0,0,1,1,0,0
rxn08126_c0,1,0,1,0,0,0,1,1,1,0
rxn08893_c0,1,1,1,1,1,0,1,1,1,0
rxn05414_c0,0,0,1,0,0,0,0,0,0,0
rxn45951_c0,0,0,0,0,0,0,0,0,0,0
rxn03542_c0,1,1,1,0,0,0,0,0,0,0
rxn01269_c0,1,1,1,1,0,0,1,1,1,0
rxn08299_c0,1,1,1,0,0,0,1,1,0,0
rxn01507_c0,1,1,1,1,1,1,1,1,1,1
rxn05659_c0,0,1,0,0,1,0,0,0,0,0
rxn00740_c0,0,0,1,0,0,0,1,0,0,1
rxn05619_c0,0,0,0,1,0,0,0,1,0,0
rxn03407_c0,1,1,1,1,1,0,1,1,1,0
rxn46184_c0,0,0,0,0,0,0,0,0,0,0
rxn01343_c0,0,0,0,1,1,1,1,1,1,0
rxn10229_c0,1,1,1,1,0,1,1,1,1,1
rxn08806_c0,1,1,1,0,1,0,1,1,1,0
rxn00609_c0,0,0,0,0,0,0,0,0,0,0
rxn08978_c0,0,0,0,0,0,0,0,0,0,0
rxn08137_c0,1,0,0,1,0,0,1,1,0,0
rxn05611_c0,0,0,0,0,1,0,0,0,0,0
rxn00566_c0,1,0,1,0,1,1,0,0,0,1
rxn05350_c0,1,1,1,1,1,1,1,1,1,1
rxn01872_c0,1,1,1,0,1,1,1,1,1,1
rxn05237_c0,0,0,0,0,0,0,0,0,0,0
rxn15337_c0,0,0,1,0,1,0,1,0,0,0
rxn02090_c0,1,0,1,0,0,0,1,0,0,0
rxn10203_c0,1,0,0,0,0,0,1,1,0,0
rxn05512_c0,1,0,0,0,1,0,1,0,0,0
rxn00871_c0,0,0,0,0,0,0,0,0,0,0
rxn00213_c0,1,1,1,1,1,0,1,1,0,0
rxn05442_c0,0,1,1,1,0,1,1,0,1,1
rxn05638_c0,1,1,0,0,1,0,1,0,0,0
rxn01210_c0,1,1,1,1,1,1,1,1,1,1
rxn08160_c0,0,0,0,0,0,0,0,0,0,0
rxn01280_c0,1,1,1,0,0,0,1,1,0,0
rxn00312_c0,1,0,0,0,0,0,0,0,0,0
rxn00161_c0,1,1,1,1,0,1,1,1,1,1
rxn09102_c0,0,0,0,1,0,0,1,1,0,0
rxn08178_c0,0,0,0,0,0,0,1,0,0,0
rxn01028_c0,0,0,0,0,0,0,0,0,0,0
rxn08897_c0,1,0,0,0,0,0,1,0,0,0
rxn10316_c0,0,0,0,0,0,0,1,0,0,0
rxn10287_c0,0,0,0,0,0,0,0,0,0,0
rxn14048_c0,0,0,0,1,0,0,0,0,0,0
rxn10275_c0,0,0,0,0,0,0,0,0,0,0
rxn08845_c0,1,1,1,0,1,0,1,1,1,0
rxn00858_c0,0,1,1,0,0,0,1,0,0,0
rxn00214_c0,0,1,1,1,1,1,1,1,1,1
rxn01018_c0,1,1,1,1,1,1,1,1,1,1
rxn05301_c0,1,0,0,0,0,0,1,0,0,0
rxn08015_c0,1,1,1,1,1,1,1,1,1,1
rxn08608_c0,1,0,1,0,0,0,1,0,0,0
rxn09140_c0,0,0,0,0,0,0,0,0,0,0
rxn03932_c0,1,1,1,0,0,0,0,0,0,0
rxn02102_c0,0,0,0,0,0,0,0,0,0,0
rxn10258_c0,1,1,1,0,0,0,1,1,0,0
rxn16592_c0,0,0,0,0,0,0,0,0,0,0
rxn00903_c0,1,1,1,1,1,1,1,1,1,1
rxn14159_c0,1,1,1,0,0,0,1,0,1,0
rxn00991_c0,1,1,1,0,1,1,0,1,0,1
rxn01466_c0,1,1,1,1,0,0,1,1,0,0
rxn00159_c0,0,1,0,0,0,0,1,1,0,0
rxn07879_c0,1,1,1,0,1,1,0,1,0,1
rxn05109_c0,0,1,0,0,0,0,0,0,1,0
rxn16511_c0,0,0,0,0,0,0,0,0,0,0
rxn08533_c0,0,0,0,0,0,0,0,0,0,0
rxn08199_c0,0,0,0,0,0,0,1,0,0,0
rxn04724_c0,0,0,0,0,0,0,0,0,0,0
rxn07952_c0,1,0,0,0,0,0,1,0,0,0
rxn08550_c0,1,0,0,0,0,0,1,1,0,0
rxn04139_c0,0,1,1,0,0,0,1,1,0,0
rxn06591_c0,1,0,0,1,1,1,1,1,0,1
rxn00186_c0,0,1,0,0,0,0,0,0,0,0
rxn05012_c0,0,0,0,0,0,0,0,0,1,0
rxn29768_c0,0,0,0,0,0,0,0,0,0,0
rxn16615_c0,1,0,0,0,0,0,1,0,0,0
rxn01121_c0,0,0,0,0,0,0,0,0,0,0
rxn05552_c0,1,0,0,0,1,0,1,0,0,0
rxn01510_c0,0,0,0,0,0,0,1,1,1,0
rxn04413_c0,1,1,1,0,0,0,1,0,0,0
rxn00540_c0,0,0,0,0,0,0,0,0,0,0
rxn05322_c0,0,1,1,1,0,1,1,0,1,1
rxn05161_c0,1,1,1,0,1,0,1,0,0,0
rxn07588_c0,0,0,0,0,0,0,0,0,0,0
rxn00179_c0,1,1,1,1,1,0,1,1,1,0
rxn01876_c0,0,0,0,0,0,0,0,0,0,0
rxn08849_c0,1,1,1,0,1,0,1,1,1,0
rxn00799_c0,1,1,1,1,1,1,1,1,1,1
rxn02663_c0,1,1,1,0,0,0,0,0,0,0
rxn00431_c0,0,0,0,0,0,0,0,0,0,0
rxn01152_c0,0,0,0,0,0,0,0,0,0,0
rxn00139_c0,1,1,0,1,1,0,1,1,0,0
rxn09211_c0,1,1,1,1,0,1,1,1,1,1
rxn09001_c0,1,1,1,1,0,0,1,1,0,0
rxn05217_c0,1,0,1,1,0,1,1,1,1,1
rxn04024_c0,0,0,0,0,0,0,0,0,0,0
rxn08620_c0,0,0,0,0,0,0,0,0,0,0
rxn09114_c0,1,1,1,1,1,0,1,1,1,0
rxn09153_c0,0,0,0,0,0,0,0,0,0,0
rxn00258_c0,0,0,0,0,0,0,0,0,0,0
rxn05173_c0,1,1,1,0,0,0,1,0,0,0
rxn12405_c0,1,0,0,0,0,0,1,1,0,0
rxn05399_c0,0,0,0,0,0,0,0,0,0,0
rxn09199_c0,1,1,1,1,0,1,1,1,1,1
rxn12633_c0,1,1,1,1,1,1,1,1,1,1
rxn10211_c0,0,0,0,0,1,0,0,0,0,0
rxn08556_c0,1,1,1,0,0,0,1,1,0,0
rxn00016_c0,1,1,1,1,0,0,1,1,0,0
rxn08850_c0,1,1,1,0,1,0,1,1,1,0
rxn03931_c0,0,0,0,0,0,0,0,0,0,0
rxn04160_c0,0,0,0,0,0,0,0,0,0,0
rxn05416_c0,0,0,0,0,0,0,0,0,0,0
rxn02046_c0,0,0,0,0,0,0,0,0,0,0
rxn10259_c0,1,1,1,1,1,0,1,1,1,0
rxn01187_c0,0,1,0,0,0,0,0,0,0,0
rxn01248_c0,0,0,0,0,0,0,0,0,0,0
rxn00678_c0,0,0,0,0,0,0,0,0,0,0
rxn00679_c0,1,0,0,0,1,0,0,1,0,0
rxn11858_c0,0,0,0,0,0,0,0,0,0,0
rxn00674_c0,0,0,0,0,0,0,0,0,0,0
rxn05209_c0,1,1,1,1,1,1,1,1,0,1
rxn05150_c0,1,1,1,1,1,1,1,0,0,0
rxn09197_c0,1,1,1,1,0,1,1,1,1,1
rxn45425_c0,1,1,1,1,1,0,1,1,0,0
rxn03047_c0,1,0,0,1,0,0,0,1,0,1
rxn09141_c0,0,0,0,0,0,0,0,0,0,0
rxn45223_c0,0,0,0,0,0,0,0,0,0,0
rxn12634_c0,1,1,1,1,1,1,1,1,1,1
rxn01217_c0,0,0,1,0,0,1,0,0,0,1
rxn04599_c0,0,0,0,0,0,0,0,0,0,0
rxn00461_c0,1,1,1,1,1,1,1,1,1,1
rxn10236_c0,1,1,1,1,0,1,1,1,1,1
rxn09150_c0,0,0,0,0,0,0,0,0,0,0
rxn02831_c0,0,0,0,0,1,1,1,0,1,0
rxn08756_c0,0,0,0,0,0,0,0,0,0,0
rxn02529_c0,1,0,1,1,1,0,0,1,0,0
rxn00236_c0,1,0,0,0,0,0,1,1,0,0
rxn26361_c0,1,0,1,0,0,0,0,0,0,0
rxn10067_c0,0,0,0,0,0,0,0,0,0,0
rxn10155_c0,0,0,0,0,0,0,1,0,0,0
rxn05370_c0,0,0,0,0,0,0,0,0,0,0
rxn26127_c0,1,0,1,0,1,0,1,1,1,0
rxn08172_c0,0,0,1,0,0,0,1,0,0,0
rxn05128_c0,0,0,0,0,0,0,1,0,0,0
rxn01654_c0,0,0,0,0,1,0,0,0,0,1
rxn00004_c0,0,0,0,0,0,0,0,0,0,0
rxn10341_c0,0,0,0,0,0,0,0,0,0,0
rxn03433_c0,1,1,1,0,1,0,0,1,0,0
rxn08924_c0,1,1,1,1,1,1,1,1,1,1
rxn00124_c0,1,1,1,0,1,0,1,0,0,0
rxn24608_c0,0,0,0,0,0,0,0,0,0,0
rxn01725_c0,1,0,0,0,0,0,0,0,0,0
rxn08311_c0,1,1,1,1,1,1,1,1,1,1
rxn00116_c0,1,0,0,0,0,0,1,1,0,0
rxn00187_c0,1,1,1,1,1,1,1,1,1,1
rxn08938_c0,0,0,0,0,0,0,0,0,0,0
rxn00192_c0,1,1,1,1,1,0,1,1,1,1
rxn01115_c0,1,1,1,0,1,0,1,1,1,0
rxn00840_c0,1,0,1,0,1,1,1,1,1,1
rxn08083_c0,0,0,0,0,1,0,0,0,0,0
rxn05354_c0,0,0,0,0,0,0,0,0,0,0
rxn08647_c0,1,1,1,1,0,0,0,1,1,0
rxn01103_c0,0,0,0,1,1,0,1,0,1,0
rxn02666_c0,0,0,1,0,0,0,1,0,0,0
rxn00927_c0,0,1,0,0,0,0,1,0,0,0
rxn05108_c0,1,0,0,0,0,0,1,0,0,0
rxn01538_c0,0,0,0,0,0,0,1,0,0,0
rxn00257_c0,0,0,0,1,0,0,0,0,0,0
rxn00686_c0,1,1,1,1,1,1,1,1,1,1
rxn10263_c0,1,1,1,1,1,0,1,1,1,0
rxn06586_c0,1,1,0,0,1,1,0,1,1,1
rxn00412_c0,1,1,1,1,1,1,1,1,1,1
rxn10895_c0,0,0,0,0,0,0,0,0,0,0
rxn10208_c0,1,0,0,0,0,0,1,1,0,0
rxn08812_c0,1,1,1,0,1,0,1,1,1,0
rxn08549_c0,1,1,1,1,1,1,1,1,1,1
rxn02845_c0,0,0,0,0,0,0,0,0,0,0
rxn05107_c0,0,0,0,0,0,0,1,0,0,0
rxn08819_c0,1,1,1,0,1,0,1,1,1,0
rxn08333_c0,0,0,0,0,1,1,1,0,1,1
rxn05171_c0,0,0,0,0,0,0,0,0,0,0
rxn10163_c0,1,0,0,0,0,0,1,1,0,0
rxn00883_c0,1,1,1,1,1,0,1,1,1,0
rxn21857_c0,1,1,1,1,1,1,1,1,1,1
rxn02507_c0,1,1,1,1,1,1,1,1,0,0
rxn11684_c0,0,0,0,0,0,0,0,0,0,0
rxn10157_c0,0,0,0,0,0,0,1,0,0,0
rxn08192_c0,1,1,0,0,0,1,1,1,1,0
rxn02004_c0,0,0,1,0,1,0,1,0,1,0
rxn16593_c0,0,0,0,0,0,0,0,0,0,0
rxn00782_c0,1,1,1,0,0,0,0,1,0,0
rxn07433_c0,1,1,0,0,1,1,0,1,0,1
rxn01579_c0,0,0,0,0,0,0,0,0,0,0
rxn03885_c0,0,0,1,0,0,0,1,1,0,0
rxn21862_c0,1,1,1,1,0,1,1,1,0,1
rxn02883_c0,1,0,0,0,1,0,0,0,0,0
rxn00515_c0,1,1,1,1,1,1,1,1,1,1
rxn05645_c0,0,0,0,0,0,0,0,0,0,0
rxn07963_c0,1,0,0,0,0,0,1,0,0,0
rxn00872_c0,1,1,1,0,1,1,0,1,1,1
rxn02788_c0,0,0,0,0,0,0,0,0,0,0
rxn00178_c0,1,1,1,0,1,1,1,1,1,1
rxn05119_c0,0,0,0,0,0,0,0,0,0,0
rxn08531_c0,0,0,0,0,0,0,0,0,0,0
rxn08438_c0,0,0,0,0,0,0,0,0,0,0
rxn00650_c0,1,1,1,1,1,1,1,1,1,1
rxn05433_c0,0,1,1,1,0,1,1,0,1,1
rxn05569_c0,1,0,1,1,1,0,1,0,1,0
rxn02312_c0,1,1,0,1,0,0,1,1,0,0
rxn05387_c0,0,0,0,0,0,0,0,0,0,0
rxn08809_c0,1,1,1,0,1,0,1,1,1,0
rxn02949_c0,1,1,1,1,1,1,1,1,1,1
rxn00074_c0,0,0,0,0,0,0,0,0,0,0
rxn13784_c0,1,1,1,1,1,1,1,1,1,1
rxn01895_c0,0,0,0,0,0,1,0,0,1,1
rxn02866_c0,1,1,1,0,1,0,0,1,0,0
rxn00713_c0,0,0,0,0,0,0,1,1,1,0
rxn05551_c0,1,0,0,0,0,0,0,0,0,0
rxn01188_c0,0,0,1,0,0,0,0,0,0,0
rxn10219_c0,0,0,0,0,1,0,0,0,0,0
rxn40439_c0,1,1,0,1,0,0,1,1,0,0
rxn00513_c0,0,0,0,0,0,0,1,1,0,0
rxn09449_c0,1,1,1,1,1,1,1,1,1,1
rxn04070_c0,1,1,1,1,0,1,1,1,1,1
rxn09124_c0,0,0,0,0,0,0,0,0,0,0
rxn10323_c0,0,0,0,0,0,0,1,0,0,0
rxn05215_c0,0,0,0,0,0,0,0,1,0,0
rxn00331_c0,0,0,0,0,0,0,0,0,0,0
rxn02518_c0,1,1,1,1,1,1,1,1,1,1
rxn00675_c0,1,1,1,1,1,0,1,1,1,0
rxn10294_c0,0,0,0,0,0,0,1,0,0,0
rxn02762_c0,0,0,1,0,0,0,1,0,0,0
rxn05312_c0,1,0,1,1,1,0,1,1,0,0
rxn09225_c0,0,0,0,0,0,0,0,0,0,0
rxn08022_c0,1,0,0,0,0,0,1,0,0,0
rxn02804_c0,1,1,1,0,1,1,1,1,1,1
rxn10318_c0,0,0,0,0,0,0,1,0,0,0
rxn00995_c0,0,0,0,0,0,0,0,0,0,0
rxn08975_c0,1,1,1,1,1,0,1,1,0,0
rxn00299_c0,1,1,1,1,1,1,1,1,1,1
rxn10043_c0,1,1,1,1,1,0,0,1,0,0
rxn05329_c0,1,1,1,1,0,1,1,1,0,1
rxn05939_c0,0,0,0,0,0,0,0,0,0,0
rxn05536_c0,0,0,1,0,1,1,0,0,0,0
rxn05627_c0,1,1,0,1,0,0,1,0,0,0
rxn05571_c0,0,0,0,0,0,0,0,0,0,0
rxn05544_c0,0,0,1,0,1,1,0,0,0,0
rxn00324_c0,1,1,0,0,0,0,1,0,1,0
rxn01485_c0,1,1,1,1,1,1,1,1,1,1
rxn01799_c0,0,0,1,0,1,1,1,0,1,0
rxn00827_c0,0,0,0,0,0,0,0,0,0,0
rxn01354_c0,1,0,1,0,1,1,1,1,1,1
rxn10114_c0,0,0,0,0,0,0,1,0,0,0
rxn08169_c0,0,0,0,0,0,0,0,0,0,0
rxn05435_c0,0,1,1,1,0,1,1,0,1,1
rxn01747_c0,0,0,0,0,0,0,0,0,0,0
rxn03445_c0,1,1,1,1,1,1,1,1,0,1
rxn05595_c0,1,1,1,0,0,0,1,1,1,0
rxn10044_c0,0,0,0,0,0,0,0,0,0,0
rxn08070_c0,1,1,0,0,0,1,1,1,1,0
rxn04662_c0,0,0,0,0,0,0,0,0,0,0
rxn05644_c0,0,0,1,0,0,0,0,0,0,0
rxn10124_c0,0,0,0,0,0,0,0,0,0,0
rxn01643_c0,1,1,1,1,1,1,1,1,1,1
rxn00856_c0,0,0,0,0,0,0,1,0,0,0
rxn08307_c0,1,1,1,1,1,1,1,1,1,1
rxn08278_c0,1,0,0,0,0,0,0,0,0,0
rxn00191_c0,1,0,0,0,1,0,1,1,0,1
rxn06672_c0,1,1,1,1,1,1,1,1,0,1
rxn10202_c0,1,0,0,0,0,0,1,1,0,0
rxn05560_c0,1,0,1,1,1,0,1,0,1,0
rxn06578_c0,0,0,0,0,0,0,1,0,0,0
rxn02889_c0,1,1,1,0,1,1,0,1,1,1
rxn08551_c0,1,0,0,0,0,0,1,1,0,0
rxn05484_c0,1,0,0,0,0,1,0,0,0,1
rxn01544_c0,1,1,1,1,1,0,1,0,0,0
rxn08260_c0,0,0,0,0,0,0,0,0,0,0
rxn00264_c0,1,0,1,0,1,0,1,0,0,0
rxn03174_c0,1,1,1,1,1,1,1,1,1,1
rxn01355_c0,0,1,1,0,1,1,0,0,0,1
rxn05470_c0,0,0,0,0,0,0,0,0,0,0
rxn09134_c0,0,0,0,0,0,0,0,0,0,0
rxn04020_c0,0,0,0,0,0,0,0,0,0,0
rxn09234_c0,1,0,0,0,0,0,1,1,0,0
rxn14270_c0,0,0,0,0,0,0,0,0,0,0
rxn00904_c0,1,1,1,0,0,0,1,1,0,0
rxn10254_c0,1,1,1,0,0,0,1,1,0,0
rxn05732_c0,0,0,0,0,0,0,0,0,0,0
rxn08153_c0,1,0,1,1,1,0,1,0,0,0
rxn01504_c0,1,1,1,0,0,1,0,1,0,1
rxn05610_c0,1,0,1,1,1,0,1,0,1,0
rxn01370_c0,0,0,0,0,0,0,1,1,1,0
rxn00512_c0,1,1,0,0,0,0,1,0,1,0
rxn24134_c0,1,1,1,0,0,0,0,1,0,0
rxn01520_c0,1,1,1,0,0,1,1,1,0,1
rxn05307_c0,1,1,0,0,0,0,1,0,0,0
rxn09139_c0,0,0,0,0,0,0,0,0,0,0
rxn05517_c0,1,1,1,1,1,0,0,1,1,0
rxn02144_c0,1,1,0,0,0,0,1,1,0,0
rxn16621_c0,0,0,0,0,0,0,0,0,0,0
rxn03630_c0,1,0,0,0,0,0,1,0,0,0
rxn09156_c0,0,0,0,0,0,0,0,0,0,0
rxn00881_c0,1,1,1,1,1,0,1,1,1,0
rxn08469_c0,1,0,1,0,0,0,1,0,0,0
rxn09160_c0,0,0,0,0,0,0,0,0,0,0
rxn11937_c0,0,1,0,0,0,0,0,0,0,0
rxn09110_c0,1,1,1,1,1,0,1,1,1,0
rxn00362_c0,1,0,0,0,0,0,1,1,0,0
rxn08255_c0,0,0,0,0,0,0,0,0,0,0
rxn08814_c0,1,1,1,0,1,0,1,1,1,0
rxn01143_c0,0,0,0,0,1,1,1,1,0,1
rxn03904_c0,1,1,1,1,1,1,1,1,1,1
rxn08882_c0,0,0,0,0,0,0,0,0,0,0
rxn16594_c0,0,0,0,0,0,0,0,0,0,0
rxn01395_c0,0,0,0,0,0,0,0,0,0,0
rxn09232_c0,1,0,0,0,0,0,1,1,0,0
rxn00702_c0,0,1,0,0,0,0,0,0,0,0
rxn01517_c0,1,1,1,1,1,0,1,1,1,0
rxn10280_c0,0,0,0,0,0,0,0,0,0,0
rxn05300_c0,0,0,0,0,0,0,1,0,0,0
rxn12635_c0,1,1,1,1,1,1,1,1,1,1
rxn03646_c0,0,0,1,0,0,0,0,0,0,0
rxn05466_c0,1,1,1,1,1,1,1,1,1,1
rxn02186_c0,1,1,1,1,1,0,1,1,1,0
rxn02483_c0,1,1,0,0,0,0,1,0,0,0
rxn00107_c0,1,1,1,1,1,1,1,1,1,1
rxn05158_c0,0,1,1,0,1,0,1,0,0,0
rxn02341_c0,1,1,1,1,1,1,1,1,1,1
rxn09143_c0,0,0,0,0,0,0,0,0,0,0
rxn01257_c0,1,1,1,1,1,1,1,1,0,1
rxn00612_c0,1,1,1,1,1,1,1,1,1,1
rxn00929_c0,1,1,1,1,1,0,1,1,1,0
rxn07455_c0,1,1,1,0,0,0,1,1,0,0
rxn05313_c0,1,1,0,1,0,1,1,1,0,1
rxn16680_c0,0,0,0,0,0,0,1,0,0,0
rxn10215_c0,0,0,0,0,1,0,0,0,0,0
rxn06023_c0,1,1,1,1,1,0,1,1,0,0
rxn00584_c0,0,0,0,0,0,0,0,0,0,0
rxn01101_c0,1,1,1,1,1,1,1,1,1,1
rxn01451_c0,1,1,1,1,1,1,1,1,1,1
rxn00456_c0,1,1,0,0,0,1,0,0,0,0
rxn01332_c0,1,1,1,1,1,1,1,1,1,1
rxn08532_c0,0,0,0,0,0,0,0,0,0,0
rxn05535_c0,0,0,1,0,1,1,0,0,0,0
rxn00301_c0,1,1,1,0,1,1,1,1,0,1
rxn08934_c0,0,0,0,0,0,0,1,0,1,0
rxn09126_c0,0,0,0,0,0,0,0,0,0,0
rxn08291_c0,0,0,0,0,0,0,0,0,0,0
rxn08234_c0,0,1,1,0,0,0,1,0,0,0
rxn00669_c0,0,0,0,0,0,0,0,0,0,0
rxn02475_c0,1,1,1,1,1,1,1,1,1,1
rxn00879_c0,1,1,1,0,1,0,0,0,1,0
rxn02900_c0,1,0,0,0,0,0,0,0,0,0
rxn00647_c0,1,1,1,1,1,1,1,1,1,1
rxn00624_c0,0,0,0,0,0,0,0,0,0,0
rxn05733_c0,1,1,1,1,1,1,1,1,0,0
rxn01620_c0,0,0,0,0,0,0,0,0,0,0
rxn05293_c0,0,0,0,0,0,0,0,0,0,0
rxn12846_c0,1,1,1,1,1,1,1,1,1,1
rxn05407_c0,0,0,0,0,0,0,0,0,0,0
rxn01211_c0,1,1,1,1,1,1,1,1,1,1
rxn05298_c0,1,0,1,1,0,1,1,0,0,1
rxn05368_c0,0,0,1,0,0,0,0,0,0,0
rxn00097_c0,1,1,1,1,1,1,1,1,1,1
rxn03040_c0,1,0,0,0,1,0,0,0,0,0
rxn00193_c0,1,1,1,1,1,1,1,0,0,1
rxn00242_c0,1,1,1,1,1,1,1,1,1,1
rxn00867_c0,1,1,1,0,1,1,1,0,0,1
rxn05233_c0,1,1,1,1,1,1,1,1,1,1
rxn09146_c0,0,0,0,0,0,0,0,0,0,0
rxn02720_c0,1,1,1,0,1,1,0,1,1,1
rxn01930_c0,1,0,1,0,0,1,0,0,1,1
rxn02842_c0,0,1,0,0,0,0,1,1,0,0
rxn01253_c0,0,0,0,0,0,0,0,0,0,0
rxn05594_c0,1,0,0,0,1,0,1,0,0,0
rxn09111_c0,1,1,1,1,1,0,1,1,1,0
rxn10272_c0,0,0,0,0,0,0,0,0,0,0
rxn05516_c0,1,1,1,1,1,0,1,1,1,1
rxn10321_c0,0,0,0,0,0,0,1,0,0,0
rxn09296_c0,1,1,1,1,1,1,1,1,0,1
rxn06078_c0,1,1,1,1,1,0,0,1,1,0
rxn10197_c0,0,0,0,0,0,0,0,0,0,0
rxn00974_c0,1,1,1,1,1,1,1,1,1,1
rxn05537_c0,0,0,1,0,1,1,0,0,0,0
rxn10262_c0,1,1,1,1,1,0,1,1,1,0
rxn05547_c0,0,0,1,0,1,1,0,0,0,0
rxn02302_c0,0,0,1,0,0,0,1,0,0,1
rxn08817_c0,1,1,1,0,1,0,1,1,1,0
rxn00544_c0,0,0,0,0,0,0,1,0,0,0
rxn08628_c0,0,1,0,0,0,0,0,0,0,0
rxn10226_c0,1,1,1,1,0,1,1,1,1,1
rxn03856_c0,0,0,0,0,0,0,0,0,0,0
rxn10261_c0,1,1,1,1,1,0,1,1,1,0
rxn10320_c0,0,0,0,0,0,0,1,0,0,0
rxn05340_c0,1,1,1,1,1,1,1,1,1,1
rxn01041_c0,0,0,0,0,0,0,0,0,0,0
rxn10191_c0,0,0,0,0,0,0,1,0,0,0
rxn05620_c0,1,0,0,0,1,0,0,0,0,0
rxn00992_c0,1,1,1,0,0,0,1,1,0,0
rxn07980_c0,1,1,1,0,0,0,1,1,0,0
rxn01420_c0,0,0,0,0,0,0,0,0,0,0
rxn26457_c0,0,1,1,0,0,0,1,0,0,0
rxn00816_c0,0,0,1,0,1,0,1,1,0,0
rxn05461_c0,1,1,1,1,1,1,1,1,1,1
rxn01265_c0,1,1,1,0,1,0,1,0,1,0
rxn01868_c0,1,1,1,0,0,0,0,0,0,0
rxn01218_c0,1,1,1,1,1,1,1,1,1,1
rxn02934_c0,1,1,1,1,1,1,1,1,1,1
rxn00947_c0,1,1,1,1,1,1,1,1,1,1
rxn00196_c0,1,0,1,0,1,0,0,0,0,0
rxn05193_c0,0,0,1,0,1,0,0,0,1,0
rxn00138_c0,1,1,1,1,1,1,1,1,1,1
rxn08323_c0,0,0,0,0,0,1,1,0,0,0
rxn03892_c0,0,0,0,0,1,0,1,1,0,0
rxn05526_c0,0,0,0,0,0,0,0,0,0,0
rxn10288_c0,0,0,0,0,0,0,0,0,0,0
rxn00902_c0,1,1,1,1,1,0,1,1,1,0
rxn00715_c0,0,0,0,0,0,0,1,1,1,0
rxn00931_c0,1,1,1,1,1,0,1,1,1,0
rxn05735_c0,1,1,1,0,1,1,1,1,1,1
rxn02008_c0,1,1,1,1,1,1,1,1,1,1
rxn08254_c0,0,0,0,0,0,0,0,0,0,0
rxn06675_c0,0,0,0,0,0,0,0,0,0,0
rxn01858_c0,1,0,1,0,1,1,1,1,1,1
rxn03492_c0,1,1,1,0,0,0,0,0,0,0
rxn03080_c0,1,1,1,1,1,1,1,1,1,1
rxn13339_c0,0,0,0,0,0,0,1,0,0,0
rxn09148_c0,0,0,0,0,0,0,0,0,0,0
rxn05250_c0,1,1,1,1,1,1,1,1,1,1
rxn03246_c0,0,0,0,0,0,1,0,0,1,1
rxn00209_c0,1,1,1,1,1,1,1,1,1,1
rxn08433_c0,0,0,0,0,0,0,0,0,0,0
rxn05223_c0,0,1,1,0,1,1,0,0,1,1
rxn08343_c0,0,0,0,0,0,1,1,0,0,0
rxn04996_c0,0,0,0,0,0,0,0,0,0,0
rxn10857_c0,0,0,0,0,0,0,0,0,0,0
rxn11737_c0,0,0,0,0,0,0,0,0,0,0
rxn01127_c0,1,1,1,1,1,1,1,1,1,1
rxn08557_c0,1,1,1,0,0,0,1,1,0,0
rxn05687_c0,0,0,0,0,0,0,1,0,0,0
rxn00363_c0,1,1,1,1,1,1,1,1,1,1
rxn01109_c0,1,0,1,0,0,0,0,0,0,0
rxn10298_c0,0,0,0,0,0,0,0,0,0,0
rxn05683_c0,1,0,0,0,0,1,0,0,0,1
rxn00602_c0,0,1,1,0,0,1,0,0,1,1
rxn01208_c0,1,1,1,1,1,1,1,1,1,1
rxn08796_c0,1,1,1,0,1,0,1,1,1,0
rxn03393_c0,1,1,0,0,0,0,1,1,0,0
rxn05546_c0,0,0,1,0,1,1,0,0,0,0
rxn05381_c0,1,1,1,1,0,1,1,1,0,1
rxn05403_c0,0,0,0,0,0,0,0,0,0,0
rxn03842_c0,0,0,0,0,0,0,0,0,0,0
rxn10865_c0,0,0,0,0,0,0,0,0,0,0
rxn08045_c0,0,0,0,0,0,0,1,0,0,0
rxn08999_c0,0,0,0,0,0,0,0,0,0,0
rxn05317_c0,1,0,0,0,0,1,1,1,0,0
rxn09164_c0,0,0,0,0,0,0,0,0,0,0
rxn00952_c0,1,1,1,1,1,0,0,1,1,0
rxn06299_c0,0,0,0,0,0,0,0,0,0,0
rxn01523_c0,0,0,0,0,0,0,0,0,0,0
rxn09147_c0,0,0,0,0,0,0,0,0,0,0
rxn08100_c0,0,1,1,1,0,0,1,0,0,0
rxn00990_c0,0,1,0,0,0,0,0,0,0,0
rxn05401_c0,0,0,1,0,0,0,0,0,0,0
rxn00303_c0,1,1,1,1,1,1,1,1,1,1
rxn08789_c0,0,0,0,0,0,0,0,0,0,0
rxn00806_c0,1,1,1,1,1,1,1,1,1,1
rxn01315_c0,1,0,0,0,0,0,0,1,1,0
rxn00022_c0,0,0,0,0,1,0,1,0,1,0
rxn03130_c0,1,1,1,0,0,1,1,1,1,1
rxn03030_c0,0,0,0,0,0,0,0,0,0,0
rxn08847_c0,1,1,1,0,1,0,1,1,1,0
rxn02625_c0,0,0,0,0,0,0,0,0,0,0
rxn03147_c0,1,1,1,1,1,1,1,1,0,1
rxn00134_c0,0,0,0,0,0,0,0,0,0,0
rxn05667_c0,1,1,0,0,0,0,0,0,0,0
rxn10303_c0,0,0,0,0,0,0,0,0,0,0
rxn10289_c0,0,0,0,0,0,0,1,0,0,0
rxn01313_c0,1,0,0,1,0,0,1,1,0,0
rxn06887_c0,0,1,1,0,0,0,0,0,0,0
rxn05607_c0,1,0,1,1,1,0,1,0,1,0
rxn00006_c0,1,1,1,1,1,0,1,1,0,0
rxn24611_c0,0,0,0,0,0,0,0,0,0,0
rxn07492_c0,0,0,0,0,0,0,0,0,0,0
rxn01021_c0,0,1,1,0,1,0,1,1,0,0
rxn05612_c0,0,0,0,0,0,0,0,0,0,0
rxn09203_c0,1,1,1,1,0,1,1,1,1,1
rxn05603_c0,1,0,1,0,1,0,1,0,0,0
rxn05360_c0,0,0,1,0,0,0,0,0,0,0
rxn05937_c0,1,1,1,0,1,0,1,0,1,0
rxn03483_c0,0,0,1,0,0,0,1,0,0,0
rxn00002_c0,1,0,1,0,1,0,1,1,0,0
rxn00575_c0,0,0,0,0,0,0,0,0,0,0
rxn05232_c0,0,0,0,0,0,0,1,0,0,0
rxn05225_c0,0,0,0,0,1,0,0,0,0,0
rxn08799_c0,1,1,1,0,1,0,1,1,1,0
rxn01807_c0,1,1,1,0,1,0,1,0,0,0
rxn00205_c0,1,0,0,1,1,1,1,1,0,1
rxn12224_c0,0,0,0,0,0,0,0,0,0,0
rxn00500_c0,1,0,0,0,0,0,1,1,0,0
rxn09359_c0,1,0,0,0,0,1,1,0,1,1
rxn06799_c0,0,0,0,0,0,0,0,0,0,0
rxn03903_c0,1,1,1,1,1,1,1,1,1,1
rxn01100_c0,1,1,1,1,1,1,1,1,1,1
rxn02679_c0,1,1,1,0,1,1,1,1,1,1
rxn03887_c0,1,0,0,0,0,0,1,0,0,0
rxn00994_c0,0,1,0,0,0,0,0,0,0,0
rxn00654_c0,1,1,1,0,0,0,0,1,0,0
rxn00621_c0,0,0,0,0,1,0,1,1,0,0
rxn03641_c0,0,0,0,0,0,0,0,0,0,0
rxn11262_c0,0,0,0,0,0,0,0,0,0,0
rxn10260_c0,1,1,1,1,1,0,1,1,1,0
rxn05582_c0,0,1,0,0,0,0,1,0,0,0
rxn02775_c0,1,1,1,0,0,0,0,0,0,0
rxn05362_c0,0,0,0,0,0,0,0,0,0,0
rxn07475_c0,1,1,0,0,0,0,1,0,0,0
rxn00950_c0,1,1,1,1,1,0,1,1,1,0
rxn08204_c0,0,0,0,0,0,0,1,0,0,0
rxn08440_c0,1,1,1,0,1,0,1,1,0,0
rxn12844_c0,1,1,1,1,1,1,1,1,1,1
rxn02939_c0,1,0,0,0,0,0,1,1,1,0
rxn00086_c0,1,1,1,0,0,0,1,1,0,0
rxn00102_c0,1,1,1,0,1,0,1,1,1,0
rxn03127_c0,0,0,0,0,0,0,0,0,0,0
rxn09012_c0,0,0,0,0,0,0,1,1,0,0
rxn04602_c0,0,0,0,0,0,0,0,0,0,0
rxn00770_c0,1,1,1,1,1,1,1,1,1,1
rxn10205_c0,1,0,0,0,0,0,1,1,0,0
rxn05197_c0,1,1,0,0,1,0,1,1,0,0
rxn00948_c0,0,0,0,0,0,0,0,0,1,0
rxn41452_c0,1,0,0,1,0,0,1,0,0,0
rxn02200_c0,1,1,1,1,1,1,1,1,1,1
rxn08942_c0,1,0,1,0,1,0,1,1,1,0
rxn01806_c0,0,1,0,0,0,0,1,0,0,0
rxn05572_c0,1,0,0,0,0,0,1,0,0,0
rxn00117_c0,1,1,1,1,1,1,1,1,1,1
rxn09113_c0,1,1,1,1,1,0,1,1,1,0
rxn09231_c0,0,0,0,0,0,0,1,0,0,0
rxn00545_c0,0,0,0,1,1,1,1,1,1,0
rxn16618_c0,0,0,0,0,0,0,0,0,0,0
rxn00898_c0,1,1,1,1,1,0,1,1,1,0
rxn00119_c0,1,1,1,1,1,1,1,1,1,1
rxn00690_c0,0,0,1,0,0,0,0,0,0,0
rxn00932_c0,0,0,0,0,0,0,0,0,0,0
rxn10204_c0,1,0,0,0,0,0,1,1,0,0
rxn02303_c0,1,1,1,1,0,1,1,1,1,0
rxn02175_c0,1,1,1,1,1,1,1,1,1,1
rxn15748_c0,0,0,0,0,0,0,0,0,0,0
rxn08309_c0,1,1,1,1,1,1,1,1,1,1
rxn00157_c0,0,0,0,0,0,0,1,0,0,0
rxn27342_c0,0,0,0,0,0,0,1,0,0,0
rxn00962_c0,1,1,0,0,0,0,1,0,0,0
rxn01997_c0,1,0,1,1,1,1,1,1,1,0
rxn08933_c0,0,0,0,0,0,0,0,0,0,0
rxn08734_c0,1,1,1,1,1,0,1,1,0,0
rxn15949_c0,1,1,0,1,0,0,0,1,0,0
rxn05148_c0,1,1,1,0,0,1,0,1,1,1
rxn09157_c0,0,0,0,0,0,0,0,0,0,0
rxn01750_c0,0,0,0,0,0,0,0,0,0,0
rxn00787_c0,0,0,1,0,0,0,1,0,0,0
rxn08558_c0,1,1,1,0,0,0,1,1,0,0
rxn08971_c0,1,1,1,1,1,0,1,1,0,0
rxn05648_c0,0,0,0,0,0,0,0,0,0,0
rxn02527_c0,0,0,0,1,0,0,0,0,0,0
rxn23045_c0,1,1,1,1,0,0,0,0,1,1
rxn00166_c0,1,1,1,0,0,0,0,0,0,0
rxn08708_c0,1,0,0,0,0,0,0,0,0,0
rxn00058_c0,1,1,1,1,1,1,0,1,0,1
rxn21858_c0,1,1,1,1,0,1,1,1,0,1
rxn10291_c0,0,0,0,0,0,0,1,0,0,0
rxn18486_c0,0,0,0,0,1,0,0,0,0,0
rxn04783_c0,1,0,0,1,0,1,1,0,0,1
rxn10231_c0,1,1,1,1,0,1,1,1,1,1
rxn00985_c0,0,0,0,0,0,0,1,0,0,0
rxn03175_c0,1,1,1,1,1,0,1,1,1,0
rxn03055_c0,1,0,0,0,1,1,0,0,0,1
rxn00938_c0,1,1,1,0,1,0,1,0,1,0
rxn00410_c0,1,1,1,1,1,1,1,1,1,1
rxn00345_c0,0,0,0,0,0,0,0,1,0,0
rxn05208_c0,0,0,0,0,0,0,0,0,1,0
rxn10046_c0,0,0,0,0,0,0,0,0,0,0
rxn00292_c0,0,0,0,1,0,0,1,0,0,0
rxn01171_c0,1,1,1,0,0,0,1,1,0,0
rxn07473_c0,1,0,0,0,0,0,1,0,0,0
rxn00048_c0,1,1,1,1,1,1,1,1,0,1
rxn03079_c0,0,0,0,0,0,0,0,0,0,0
rxn03923_c0,0,0,0,0,0,0,0,0,0,0
rxn41725_c0,0,0,0,0,0,0,0,0,0,0
rxn08815_c0,1,1,1,0,1,0,1,1,1,0
rxn06075_c0,1,1,1,1,1,1,1,1,0,1
rxn08354_c0,0,0,0,0,0,0,1,0,0,0
rxn45996_c0,1,1,1,1,1,0,1,1,1,0
rxn03909_c0,1,1,1,1,1,1,1,1,0,1
rxn05204_c0,1,0,0,0,0,0,1,1,0,0
rxn00440_c0,0,1,1,0,0,0,0,0,0,0
rxn05044_c0,0,0,0,0,0,0,0,0,0,0
rxn16503_c0,1,0,0,0,0,0,0,0,0,0
rxn02894_c0,0,0,0,0,0,0,1,0,0,0
rxn39373_c0,0,0,1,0,0,0,0,0,0,0
rxn05355_c0,0,0,0,0,0,0,0,0,0,0
rxn07964_c0,1,0,0,0,0,0,1,0,0,0
rxn03974_c0,0,0,0,0,0,0,0,0,0,0
rxn02789_c0,1,1,1,1,1,0,1,1,1,0
rxn09125_c0,0,0,0,0,0,0,0,0,0,0
rxn03239_c0,0,0,0,0,0,1,0,0,1,1
rxn05160_c0,1,0,1,0,0,0,1,0,0,0
rxn00975_c0,0,0,0,0,0,0,0,0,0,0
rxn09988_c0,0,0,0,0,0,0,0,0,0,0
rxn10122_c0,1,1,1,1,0,0,1,0,1,0
rxn03838_c0,0,0,1,0,1,0,1,1,0,0
rxn08173_c0,1,1,1,1,1,1,1,1,1,1
rxn01484_c0,1,1,1,1,1,0,1,1,0,0
rxn08805_c0,1,1,1,0,1,0,1,1,1,0
rxn04385_c0,1,1,1,0,0,0,0,0,0,0
rxn00245_c0,0,0,0,1,0,0,0,0,0,0
rxn00202_c0,0,0,0,0,0,0,0,0,0,0
rxn00910_c0,1,1,1,1,1,0,1,1,0,0
rxn00133_c0,0,0,0,0,0,0,0,0,0,0
rxn02281_c0,1,0,1,0,0,0,0,0,1,0
rxn03532_c0,1,1,0,0,0,0,0,0,0,0
rxn01486_c0,0,0,1,0,1,1,0,0,1,1
rxn02716_c0,0,0,0,0,0,0,0,0,0,0
rxn06377_c0,1,1,0,0,1,1,1,0,1,1
rxn10094_c0,0,0,0,0,0,0,0,0,0,0
rxn00279_c0,0,0,0,0,0,0,0,0,0,0
rxn00838_c0,1,1,1,1,1,1,1,1,1,1
rxn06802_c0,0,0,0,0,0,0,0,0,0,0
rxn08468_c0,1,0,1,0,0,0,1,0,0,0
rxn00063_c0,1,1,1,0,1,1,1,1,0,1
rxn01996_c0,0,1,1,0,0,0,0,0,0,1
rxn16828_c0,0,0,0,0,0,0,0,0,0,0
rxn09264_c0,0,0,0,0,0,0,1,0,0,0
rxn06022_c0,1,0,0,0,0,0,1,1,0,0
rxn00311_c0,1,0,0,0,0,0,0,0,0,0
rxn03061_c0,1,0,0,0,1,0,1,1,0,0
rxn10194_c0,0,0,0,0,1,0,0,0,0,0
rxn23589_c0,1,1,1,1,1,1,1,1,1,1
rxn05226_c0,1,0,1,1,1,0,1,1,1,0
rxn23044_c0,0,0,0,0,0,0,0,0,0,0
rxn01146_c0,1,0,1,0,1,1,1,0,1,1
rxn00278_c0,0,0,0,1,1,1,0,1,1,1
rxn03843_c0,1,1,1,1,0,1,1,1,1,1
rxn05557_c0,0,0,1,0,0,0,0,0,0,0
rxn02791_c0,1,0,1,0,1,0,1,1,1,0
rxn09295_c0,1,1,1,0,0,0,1,1,0,0
rxn09145_c0,0,0,0,0,0,0,0,0,0,0
rxn03146_c0,1,1,1,1,0,1,1,1,0,1
rxn00484_c0,1,0,0,0,1,0,0,0,0,0
rxn03406_c0,1,1,1,1,1,0,1,1,1,0
rxn04750_c0,1,1,1,0,1,0,1,1,1,1
rxn05059_c0,0,0,0,0,1,0,0,0,0,0
rxn05005_c0,1,1,1,1,1,0,1,1,0,0
rxn05458_c0,1,1,1,1,0,1,1,1,1,1
rxn02895_c0,1,1,1,1,1,1,1,1,1,1
rxn15395_c0,1,1,1,1,1,0,1,1,1,1
rxn00340_c0,0,0,0,0,0,0,1,0,0,0
rxn00216_c0,1,1,1,1,1,0,1,1,0,0
rxn10012_c0,0,0,0,0,0,0,0,0,0,0
rxn00247_c0,1,1,1,1,0,1,1,1,0,1
rxn05622_c0,0,0,0,0,0,0,0,0,0,0
rxn05596_c0,0,0,0,0,0,1,1,0,0,1
rxn03173_c0,0,0,0,0,0,0,1,1,0,0
rxn08583_c0,0,0,0,0,0,0,0,0,0,0
rxn02085_c0,1,1,1,0,1,1,1,0,0,1
rxn03511_c0,0,0,0,0,0,1,1,0,0,1
rxn08356_c0,0,0,0,0,0,0,1,0,0,0
rxn02277_c0,1,1,0,1,0,0,1,1,0,0
rxn00255_c0,0,0,0,0,0,0,0,0,0,0
rxn10225_c0,1,1,1,1,1,1,1,1,1,1
rxn09177_c0,1,1,1,1,1,1,1,1,1,1
rxn03167_c0,1,1,1,1,1,1,0,1,1,1
rxn05251_c0,1,1,1,1,1,1,1,1,1,1
rxn10195_c0,0,0,0,0,1,0,0,0,0,0
rxn00598_c0,1,1,1,0,0,0,1,0,0,0
rxn03066_c0,1,0,0,0,0,0,1,0,0,0
rxn10336_c0,0,0,0,0,0,0,0,0,0,0
rxn09180_c0,0,0,0,0,0,0,1,0,0,0
rxn03086_c0,0,0,0,0,0,0,0,0,0,0
rxn01633_c0,0,0,0,0,0,0,0,0,0,0
rxn01739_c0,1,1,1,1,1,0,1,1,1,1
rxn05565_c0,0,0,0,0,0,0,0,0,0,0
rxn00272_c0,0,0,0,0,0,0,1,1,0,0
rxn02264_c0,1,1,0,1,1,1,1,1,0,1
rxn10290_c0,0,0,0,0,0,0,1,0,0,0
rxn08820_c0,1,1,1,0,1,0,1,1,1,0
rxn00289_c0,1,0,0,0,1,0,0,1,0,0
rxn16108_c0,0,0,0,0,0,0,0,0,0,0
rxn09136_c0,0,0,0,0,0,0,0,0,0,0
rxn05366_c0,0,0,0,0,0,0,0,0,0,0
rxn05573_c0,0,1,0,0,1,1,0,0,0,1
rxn41896_c0,1,1,1,1,1,0,1,1,0,0
rxn05574_c0,1,0,0,0,0,0,1,0,0,0
rxn01138_c0,0,0,1,0,1,0,1,0,1,0
rxn05024_c0,0,0,0,0,1,0,1,0,1,1
rxn05449_c0,0,1,1,1,0,1,1,0,1,1
rxn04011_c0,0,1,0,0,0,0,0,0,1,0
rxn04928_c0,0,0,0,0,0,0,0,0,0,0
rxn05034_c0,1,1,1,0,0,0,1,1,0,0
rxn03397_c0,0,0,0,1,1,1,1,0,1,1
rxn03164_c0,1,1,1,1,1,1,1,1,1,1
rxn09132_c0,0,0,0,0,0,0,0,0,0,0
rxn05450_c0,0,1,1,1,0,1,1,0,1,1
rxn01122_c0,0,0,1,0,0,0,1,1,0,0
rxn03236_c0,1,1,0,0,0,1,0,1,1,1
rxn03437_c0,1,1,1,1,1,0,1,1,1,0
rxn46365_c0,1,0,1,0,0,0,0,0,0,0
rxn08807_c0,1,1,1,0,1,0,1,1,1,0
rxn02946_c0,0,0,0,0,0,0,0,1,0,0
rxn02369_c0,1,1,1,0,0,0,1,0,0,0
rxn48557_c0,0,0,1,0,0,0,0,0,0,0
rxn00132_c0,1,1,1,1,1,1,1,1,1,1
rxn00548_c0,0,1,0,0,0,0,0,0,0,0
rxn01475_c0,1,0,0,0,0,0,0,0,0,0
rxn07432_c0,1,1,0,0,1,1,0,1,0,1
rxn13892_c0,1,0,1,0,0,0,1,0,0,0
rxn01800_c0,0,0,1,1,1,1,1,1,0,1
rxn05234_c0,0,0,0,0,0,0,1,0,0,0
rxn08657_c0,0,1,1,0,1,0,0,0,0,0
rxn05244_c0,0,0,0,0,0,0,0,0,0,0
rxn01383_c0,0,0,1,0,0,0,0,0,0,0
rxn01524_c0,0,0,0,0,0,0,0,0,0,0
rxn00347_c0,1,0,0,0,1,0,1,0,0,0
rxn05324_c0,0,1,1,1,0,1,1,0,1,1
rxn09201_c0,1,1,1,1,0,1,1,1,1,1
rxn01465_c0,1,1,1,1,1,1,1,1,1,1
rxn29120_c0,0,0,0,0,0,0,1,0,0,0
rxn01322_c0,0,0,0,0,0,0,0,0,0,0
