lactate	acetate	succinate	butyrate	formate	pH
0	2.328052532	0.545986661	0.003717077	0.877290741	6.61
0	2.470455489	0.545986661	0.003717077	0.877290741	6.57
0	2.634319339	0.545986661	0.003717077	0.877290741	6.56
0.09991119	2.6848451	0.545986661	0.003717077	0.877290741	6.52
0	3.157579533	0.545986661	0.003717077	0.877290741	6.48
0	4.113950206	0.545986661	0.003717077	0.877290741	6.48
1.310842056	6.250207897	0.545986661	0.003717077	0.877290741	6.43
0.925842662	11.6021	0.545986661	0.003717077	0.877290741	6.26
1.055333656	18.62870799	0.545986661	0.003717077	0.877290741	5.8
0.979701101	22.36744977	0.545986661	0.003717077	0.877290741	5.43
0.89821778	24.92537634	0.545986661	0.003717077	0.877290741	5.3
0.999369782	26.49087039	0.545986661	0.003717077	0.877290741	5.26
0.895969845	27.18851525	0.545986661	0.003717077	0.877290741	5.25
0.876699031	27.6935777	0.545986661	0.003717077	0.877290741	5.26
1.03679934	27.23929958	0.545986661	0.003717077	0.877290741	5.25
0.686398495	26.18568985	0.545986661	0.003717077	0.877290741	5.25
0.725773001	26.63757569	0.545986661	0.003717077	0.877290741	5.22
0	2.389165122	0.545986661	0.003717077	0.877290741	6.57
0	2.475476496	0.545986661	0.003717077	0.877290741	6.61
0	2.601286741	0.545986661	0.003717077	0.877290741	6.6
0	2.568848466	0.545986661	0.003717077	0.877290741	6.52
0	3.176060444	0.545986661	0.003717077	0.877290741	6.48
0	3.664366359	0.545986661	0.003717077	0.877290741	6.52
0.995755424	4.640279112	0.545986661	0.003717077	0.877290741	6.52
1.331914169	7.285202021	0.545986661	0.003717077	0.877290741	6.35
0.985414669	12.50704829	0.545986661	0.003717077	0.877290741	6.14
0	18.80206928	0.545986661	0.003717077	0.877290741	5.64
1.290259005	22.42065704	0.545986661	0.003717077	0.877290741	5.39
1.224892495	25.21234621	0.545986661	0.003717077	0.877290741	5.26
1.136151174	26.43504762	0.545986661	0.003717077	0.877290741	5.25
1.410225386	27.32628895	0.545986661	0.003717077	0.877290741	5.26
1.096206439	26.72960419	0.545986661	0.003717077	0.877290741	5.3
0.809737737	26.39258486	0.545986661	0.003717077	0.877290741	5.26
0.702514335	26.18016593	0.545986661	0.003717077	0.877290741	5.26
0.161844028	2.365069361	0.545986661	0.003717077	0.877290741	6.61
0	2.475476496	0.545986661	0.003717077	0.877290741	6.65
0	2.449355974	0.545986661	0.003717077	0.877290741	6.56
0	2.608080191	0.545986661	0.003717077	0.877290741	6.52
0	3.102236772	0.545986661	0.003717077	0.877290741	6.48
0	3.343874084	0.545986661	0.003717077	0.877290741	6.52
0.940098396	3.813359715	0.545986661	0.003717077	0.877290741	6.52
1.646593595	5.104833902	0.545986661	0.003717077	0.877290741	6.43
1.324067726	6.971261642	0.545986661	0.003717077	0.877290741	6.4
1.521487792	8.54476194	0.545986661	0.003717077	0.877290741	6.4
1.464934783	13.97542936	0.545986661	0.003717077	0.877290741	6.02
1.571599749	19.13815384	0.545986661	0.003717077	0.877290741	5.6
1.438377607	22.15188276	0.545986661	0.003717077	0.877290741	5.42
1.284053376	26.00700933	0.545986661	0.003717077	0.877290741	5.2
1.008300914	25.15911923	0.545986661	0.003717077	0.877290741	5.3
1.109604199	25.18970464	0.545986661	0.003717077	0.877290741	5.3
1.234857058	24.94698998	0.545986661	0.003717077	0.877290741	5.25
0.263642695	1.940284057	0.545986661	0.003717077	0.877290741	6.65
0.271417918	2.036530418	0.545986661	0.003717077	0.877290741	6.65
0.306391996	2.41559871	0.545986661	0.003717077	0.877290741	6.52
0.521331267	2.678085372	0.545986661	0.003717077	0.877290741	6.57
1.539612849	2.91145455	0.545986661	0.003717077	0.877290741	6.52
2.233787697	3.401074192	0.545986661	0.003717077	0.877290741	6.48
3.173040149	4.649754307	0.545986661	0.003717077	0.877290741	6.35
3.420490777	8.057829065	0.545986661	0.003717077	0.877290741	6.31
3.428088654	13.92413732	0.545986661	0.003717077	0.877290741	5.97
3.340194603	17.94892197	0.545986661	0.003717077	0.877290741	5.67
3.435772077	20.47000391	0.545986661	0.003717077	0.877290741	5.42
3.31749556	22.39251606	0.545986661	0.003717077	0.877290741	5.42
3.221469805	23.43448037	0.545986661	0.003717077	0.877290741	5.38
3.27009325	25.26110885	0.545986661	0.003717077	0.877290741	5.38
3.325510969	24.59557126	0.545986661	0.003717077	0.877290741	5.38
3.152906731	24.99706428	0.545986661	0.003717077	0.877290741	5.33
3.04651421	24.62961672	0.545986661	0.003717077	0.877290741	5.37
0.262779486	1.946812992	0.545986661	0.003717077	0.877290741	6.65
0.273002067	2.045384743	0.545986661	0.003717077	0.877290741	6.65
0.291285591	2.467217689	0.545986661	0.003717077	0.877290741	6.52
0.476765679	2.632070242	0.545986661	0.003717077	0.877290741	6.52
1.408127328	2.933887883	0.545986661	0.003717077	0.877290741	6.52
2.427483879	3.265886331	0.545986661	0.003717077	0.877290741	6.48
2.585266135	4.141738179	0.545986661	0.003717077	0.877290741	6.4
3.217756969	7.198111451	0.545986661	0.003717077	0.877290741	6.31
3.239998359	12.44562335	0.545986661	0.003717077	0.877290741	6.09
3.187420108	17.25362283	0.545986661	0.003717077	0.877290741	5.71
3.336064435	20.10078271	0.545986661	0.003717077	0.877290741	5.47
3.128330373	22.11311525	0.545986661	0.003717077	0.877290741	5.42
3.117895204	23.35238211	0.545986661	0.003717077	0.877290741	5.38
3.049400533	24.41084682	0.545986661	0.003717077	0.877290741	5.34
3.15766016	24.67972251	0.545986661	0.003717077	0.877290741	5.38
3.031072066	25.33506598	0.545986661	0.003717077	0.877290741	5.33
2.957260213	25.33172342	0.545986661	0.003717077	0.877290741	5.41
0.655716172	2.057578275	0.545986661	0.003717077	0.877290741	6.57
0.665726331	2.188918706	0.545986661	0.003717077	0.877290741	6.65
0.679336264	2.616426293	0.545986661	0.003717077	0.877290741	6.57
1.023857724	2.882144777	0.545986661	0.003717077	0.877290741	6.6
1.455482804	3.220133563	0.545986661	0.003717077	0.877290741	6.53
2.054543416	3.649064654	0.545986661	0.003717077	0.877290741	6.48
2.701479924	5.485859271	0.545986661	0.003717077	0.877290741	6.43
2.772097457	9.202365986	0.545986661	0.003717077	0.877290741	6.36
2.70046652	15.55200435	0.545986661	0.003717077	0.877290741	6.02
2.665748849	19.32629545	0.545986661	0.003717077	0.877290741	5.56
2.666798223	24.63574123	0.545986661	0.003717077	0.877290741	5.35
2.608482422	25.24246746	0.545986661	0.003717077	0.877290741	5.3
2.677117419	25.5417514	0.545986661	0.003717077	0.877290741	5.39
2.696788521	25.70452251	0.545986661	0.003717077	0.877290741	5.34
2.656103872	25.76933784	0.545986661	0.003717077	0.877290741	5.34
0.657429043	2.114631535	0.545986661	0.003717077	0.877290741	6.57
0.663923648	2.155681863	0.545986661	0.003717077	0.877290741	6.65
0.661402935	2.624857537	0.545986661	0.003717077	0.877290741	6.53
0.993737263	2.866874403	0.545986661	0.003717077	0.877290741	6.6
1.455482804	3.220133563	0.545986661	0.003717077	0.877290741	6.57
1.990504131	3.905674342	0.545986661	0.003717077	0.877290741	6.48
2.53638087	6.616959487	0.545986661	0.003717077	0.877290741	6.39
2.527433632	11.7363312	0.545986661	0.003717077	0.877290741	6.27
2.444885142	17.76053545	0.545986661	0.003717077	0.877290741	5.85
2.429885843	21.09355963	0.545986661	0.003717077	0.877290741	5.47
2.429803295	25.21450825	0.545986661	0.003717077	0.877290741	5.35
2.424484019	25.82911924	0.545986661	0.003717077	0.877290741	5.3
2.442354745	26.02793522	0.545986661	0.003717077	0.877290741	5.35
2.396217084	26.06599863	0.545986661	0.003717077	0.877290741	5.35
2.397251471	26.06243795	0.545986661	0.003717077	0.877290741	5.34
0.641492143	2.143874342	0.545986661	0.003717077	0.877290741	6.57
0.65217387	2.170103684	0.545986661	0.003717077	0.877290741	6.65
0.650507172	2.658606909	0.545986661	0.003717077	0.877290741	6.65
0.980241237	2.916105809	0.545986661	0.003717077	0.877290741	6.56
1.413087935	3.227386447	0.545986661	0.003717077	0.877290741	6.61
1.936052177	3.599067205	0.545986661	0.003717077	0.877290741	6.52
2.531038306	4.453338101	0.545986661	0.003717077	0.877290741	6.47
2.80996648	7.073591734	0.545986661	0.003717077	0.877290741	6.44
2.77285261	12.22791725	0.545986661	0.003717077	0.877290741	6.23
2.771525616	17.31672957	0.545986661	0.003717077	0.877290741	5.73
2.6873875	24.08238489	0.545986661	0.003717077	0.877290741	5.34
2.653969845	24.96097923	0.545986661	0.003717077	0.877290741	5.34
2.69870857	25.31698136	0.545986661	0.003717077	0.877290741	5.39
2.721397749	25.34473011	0.545986661	0.003717077	0.877290741	5.35
2.687773493	25.4032449	0.545986661	0.003717077	0.877290741	5.38
0.160879118	2.350131663	0.351539555	0.003717077	0.707520808	6.61
0.163156034	2.668540103	0.398512785	0.003717077	0.823131532	6.61
0.131580952	4.160890901	1.463258555	0.003717077	1.688075714	6.14
3.806021659	7.412815562	5.221112473	0.003717077	2.308696246	5.3
5.725588442	11.14591786	7.651449879	0.003717077	2.165387884	5.01
6.113431361	12.73828532	8.962416731	0.003717077	2.18236533	4.95
6.164048982	13.05097583	9.768721788	0.003717077	2.109583418	5.04
6.317888532	13.33730474	10.33406321	0.003717077	2.174172341	5
6.183904319	13.54748195	10.36450009	0.003717077	2.156455926	5.01
6.410194752	13.3660972	10.3589327	0.003717077	2.117410588	5.04
6.257237405	13.22412091	10.02697319	0.003717077	2.068692228	5.05
6.29831727	13.30890068	10.50031345	0.003717077	2.083237589	5.09
6.204071402	13.26399335	10.27894783	0.003717077	2.009906951	5.08
6.41964627	13.2234876	10.55967803	0.003717077	2.010727423	5.14
6.41964627	12.9241656	11.0699144	0.003717077	0.511607266	5.13
6.529427558	12.5487662	10.92326249	0.003717077	0.62218626	5.13
6.661186427	12.27057285	10.79245593	0.003717077	0.713315445	5.13
0.163557245	2.372911066	0.349829667	0.003717077	0.731276053	6.61
0.162943136	2.673368821	0.400339302	0.003717077	0.820803473	6.61
0.133846123	4.113512537	1.447998331	0.003717077	1.697342272	6.14
3.281903474	7.296623531	4.877943407	0.003717077	2.326148669	5.3
4.119774264	11.08727775	7.122969115	0.003717077	2.192868672	5.01
5.89635956	12.60030881	8.812043708	0.003717077	2.166825596	4.96
5.576103647	13.0942157	9.529484725	0.003717077	2.122146531	4.99
6.252535396	13.33441659	10.08886732	0.003717077	2.154327434	4.95
6.384247001	13.53210946	10.47853521	0.003717077	2.18846691	4.97
6.343265825	13.34334219	9.952716562	0.003717077	2.187791424	5.01
5.968349742	13.2775329	10.27987333	0.003717077	2.101242091	5.01
6.714810812	13.51396935	10.51153871	0.003717077	2.0487214	5.09
6.058251463	13.23216064	10.3047868	0.003717077	2.005790552	5.08
6.273879826	13.33909655	10.43800275	0.003717077	2.006730659	5.14
6.273879826	12.88604096	11.0559805	0.003717077	0.541834205	5.13
6.674840526	12.49769683	10.98840446	0.003717077	0.621463004	5.13
6.27926608	12.26647092	10.5019823	0.003717077	0.735799754	5.09
0	2.449022579	0.35215969	0.003717077	0.277460268	6.61
0.159133187	2.509717349	0.403545532	0.003717077	0.816092778	6.57
0.13443997	4.202022783	1.492288983	0.003717077	1.719076297	6.14
2.903254976	7.456339083	5.026427436	0.003717077	2.295976833	5.25
4.399104803	11.13676936	7.194054692	0.003717077	2.145670992	5.01
6.3266377	12.72281141	9.273289764	0.003717077	2.225036375	4.96
6.052878001	13.28703536	9.759019532	0.003717077	2.169413142	4.95
5.403957342	13.23530995	9.907527751	0.003717077	2.122159312	4.99
5.912470261	13.41538313	10.30125511	0.003717077	2.144253184	4.97
6.161802661	13.23804503	10.08485246	0.003717077	2.102524132	5.05
6.564029229	13.14860252	10.68627481	0.003717077	2.092563022	5.01
6.171509202	13.10747781	10.22043397	0.003717077	2.017250553	5.05
6.220302466	13.36194149	10.49639849	0.003717077	2.000734676	5.07
6.318632294	13.19825467	10.49792777	0.003717077	0.284158844	5.14
6.318632294	12.89788431	11.13403543	0.003717077	0.544351667	5.13
6.808623824	12.52164475	10.46171638	0.003717077	0.639026733	5.13
6.312908169	12.30188094	10.6484814	0.003717077	0.723182848	5.13
0.278633924	1.921824312	0.453993082	0.003717077	0.693678641	6.65
0.27173759	2.114406243	0.473523686	0.003717077	0.723693495	6.57
0.224411254	3.364609354	1.304456455	0.003717077	1.562741788	6.23
0.738382431	6.771369428	3.908391084	0.003717077	2.593914229	5.47
3.774304078	10.48888589	7.622069172	0.003717077	2.598540175	5.04
4.380420817	12.38933015	7.466965028	0.003717077	1.684629354	4.96
4.647981114	13.00203524	9.711336987	0.003717077	2.626647002	4.92
4.557842356	13.22976518	10.39282839	0.003717077	2.901280559	4.95
4.955946595	13.34589455	10.6470687	0.003717077	2.877841372	4.99
4.972565957	13.32292716	10.71119456	0.003717077	2.827473268	5.08
5.355279369	13.9235815	11.4023455	0.003717077	3.017290415	5.09
5.039817236	13.23004356	10.78235365	0.003717077	2.81701581	5.09
5.144478452	13.33258747	10.68528837	0.003717077	2.808802708	5.12
5.376671299	13.49434548	11.04488254	0.003717077	2.799350936	5.09
5.360071305	13.28324796	10.78371204	0.003717077	2.692116529	5.13
5.331032385	13.11986076	10.75682947	0.003717077	2.572073454	5.09
5.448591845	12.95630998	10.61920849	0.003717077	2.522469671	5.12
0.28059712	1.917643967	0.461311006	0.003717077	0.695387574	6.65
0.277979506	2.084107289	0.477261657	0.003717077	0.739779861	6.57
0.220305801	3.315212685	1.272945722	0.003717077	1.552437907	6.23
1.481063584	6.700302359	4.601268594	0.003717077	2.545528373	5.42
3.039438701	10.52588837	7.184070329	0.003717077	2.63438366	5.09
4.678124057	12.06205615	8.807357196	0.003717077	2.564030062	4.92
4.942752745	12.98610789	9.978293522	0.003717077	2.63157214	4.92
4.936026233	13.31314057	10.45813044	0.003717077	2.881148822	4.96
4.701371703	13.3256565	10.67182635	0.003717077	2.851095783	4.99
4.961035058	13.32084069	10.72949452	0.003717077	2.839999924	5.08
5.023849035	13.28303558	10.77760117	0.003717077	2.875188247	5.04
5.006392202	13.28371098	10.75842033	0.003717077	2.804784574	5.04
5.11599846	13.2515731	10.83385314	0.003717077	2.806599208	5.12
5.14606485	13.16934855	10.76930631	0.003717077	2.752261158	5.09
5.299374985	13.11177224	10.70931091	0.003717077	2.659866276	5.13
5.301642058	13.05842243	10.75916047	0.003717077	2.534459542	5.09
4.687028176	12.93819571	10.51790593	0.003717077	2.51954501	5.12
0.450345471	1.815155365	0.441342451	0.003717077	1.091931784	6.77
0.427544294	1.928799374	0.484765094	0.003717077	1.1007204	6.64
0.449398868	2.46083511	0.758531374	0.003717077	1.27212796	6.55
0.506034636	3.835407813	1.582095944	0.003717077	1.865743211	6.27
0.907855351	5.418841171	2.829020493	0.003717077	2.182910276	5.68
2.217562611	7.91274612	4.467428741	0.003717077	2.335725614	5.26
2.842028308	9.168349264	5.1364848	0.003717077	2.075395394	5.14
3.196975133	10.24260258	5.702596494	0.003717077	1.940080165	5.05
2.887550067	11.65522014	7.136056059	0.003717077	1.813029111	5.21
0.465177398	1.878287318	0.458878652	0.003717077	1.126269172	6.77
0.457967029	2.083556085	0.522625032	0.003717077	1.197632848	6.63
0.430716807	2.395552022	0.724914641	0.003717077	1.23687204	6.55
0.50330806	3.695806801	1.540149039	0.003717077	1.839122094	6.17
0.948809836	5.472412576	2.867854348	0.003717077	2.255006083	5.6
2.213000999	7.748494471	4.346692438	0.003717077	2.345728438	5.26
2.891883881	9.186170819	5.156255229	0.003717077	2.083045622	5.13
3.455375666	10.92549291	6.106989245	0.003717077	2.084169889	5.09
3.031244338	12.01058333	7.362439919	0.003717077	1.864727569	5.2
0.463079818	1.86331496	0.451341011	0.003717077	1.088967847	6.77
0.442261101	1.976949477	0.499572699	0.003717077	1.091805996	6.63
0.443083925	2.429732565	0.74553908	0.003717077	1.230565935	6.55
0.516282749	3.743090322	1.571558642	0.003717077	1.844790137	6.17
0.932388433	5.285559515	2.800632822	0.003717077	2.151529872	5.64
2.246200155	7.779613502	4.376495978	0.003717077	2.342661742	5.25
2.897481017	9.193286319	5.167456686	0.003717077	2.064360852	5.08
3.506378108	11.07179328	6.188182403	0.003717077	2.078333044	5.05
2.536793406	10.08595401	6.143106614	0.003717077	1.552204432	5.25
0.455059281	1.871059249	0.451092133	0.003717077	1.09343993	6.74
0.443241452	1.98636132	0.505640613	0.003717077	1.147318705	6.63
0.428102798	2.381118697	0.716086036	0.003717077	1.219529655	6.51
0.485721359	3.591042263	1.478605301	0.003717077	1.74224093	6.14
0.969176177	5.589541064	2.922572953	0.003717077	2.26786726	5.64
2.23050655	7.765297242	4.353445423	0.003717077	2.351658918	5.26
3.014026643	9.584940218	5.393515962	0.003717077	2.144134478	5.08
3.303927842	10.46566592	5.842322889	0.003717077	1.921261786	5.08
2.901610457	11.4603457	7.058257007	0.003717077	1.780911797	5.21
0.437513766	1.802223573	0.440462698	0.003717077	1.073592657	6.81
0.440423512	1.92628805	0.512093911	0.003717077	1.13562242	6.63
0.445311057	2.442471192	0.780629943	0.003717077	1.29387443	6.52
0.499327598	3.711935822	1.560420442	0.003717077	1.849853574	6.22
1.039457371	5.747071205	3.064819798	0.003717077	2.313216598	5.6
2.29001532	7.859071971	4.423175459	0.003717077	2.353440582	5.22
3.10608004	9.784252648	5.546363282	0.003717077	2.183227678	5.13
3.15633548	9.95719976	5.563103142	0.003717077	1.859941125	5.09
3.216520093	12.56330064	7.834331273	0.003717077	1.966706279	5.21
0.43039698	1.771822254	0.430183843	0.003717077	1.056723224	6.85
0.442400311	1.956546327	0.515269794	0.003717077	1.106092548	6.68
0.441498224	2.456576634	0.789067745	0.003717077	1.302644145	6.56
0.538832926	3.891417105	1.663407825	0.003717077	1.91042103	6.14
1.069436057	5.594511923	3.024292658	0.003717077	2.233270259	5.55
2.184918073	7.329060314	4.117480566	0.003717077	2.175602216	5.22
3.205910191	9.933339772	5.597062325	0.003717077	2.176030415	5.13
3.168066496	9.917094851	5.507539842	0.003717077	1.853580491	5.09
3.051931394	11.62430593	7.232131086	0.003717077	1.80664849	5.24
0.389139477	1.525397626	0.567466142	0.003717077	0.846689358	6.6
0.359449827	1.887513623	0.603336081	0.003717077	0.899064068	6.61
0.577345471	3.726238293	2.196317639	0.003717077	1.923485214	6.15
1.790815164	7.007217061	4.980483445	0.003717077	2.455839205	5.47
3.590222247	10.78995686	7.62916208	0.003717077	2.457646926	5.09
3.760967917	12.74928877	9.633861546	0.003717077	2.354503984	5.04
4.486181949	13.00658031	10.32170006	0.003717077	2.25208367	4.97
4.529702709	12.67230766	9.897771446	0.003717077	2.147636689	4.97
5.158329929	13.31632145	10.5366407	0.003717077	2.242945756	5.01
4.288012211	13.17652443	10.80272453	0.003717077	2.882100243	5.09
4.279599245	13.17966895	10.99144661	0.003717077	2.894503074	5.09
4.150084591	13.0597541	10.9245876	0.003717077	2.793804997	5.09
4.541175955	13.06239447	11.62041816	0.003717077	2.840784778	5.14
4.233926621	13.08599133	11.11845177	0.003717077	2.865819235	5.09
0.379635616	1.592749284	0.560337455	0.003717077	0.808153254	6.6
0.366999456	1.935006667	0.610056449	0.003717077	0.885784823	6.61
0.55124456	3.640880705	2.151089254	0.003717077	1.856204196	6.15
1.727164298	6.888606126	4.970388771	0.003717077	2.437353859	5.42
3.282604685	10.7289299	7.222143619	0.003717077	2.488172428	5.09
3.538364787	13.23899786	9.570090101	0.003717077	2.384742237	5.04
4.23507571	13.20855995	10.12067703	0.003717077	2.190070351	4.97
4.904081483	13.29178707	10.89158286	0.003717077	2.169361651	4.97
4.694307615	12.76242174	10.02602007	0.003717077	2.112692664	5.01
4.282029529	13.14078665	10.83897002	0.003717077	2.847242539	5.14
4.27146714	13.16537652	10.96453891	0.003717077	2.873901388	5.09
4.251347469	13.18210747	11.02454814	0.003717077	2.788981057	5.09
4.013651643	13.08774105	11.02089771	0.003717077	2.837275144	5.14
4.180875444	13.07581252	11.0185478	0.003717077	2.83324381	5.13
0.383628099	1.714871503	0.56562329	0.003717077	0.876584106	6.64
0.36419631	1.900601508	0.530515444	0.003717077	0.899830904	6.65
0.535247003	3.78613306	2.185102125	0.003717077	1.890052861	6.15
1.763324711	7.052154997	5.042207892	0.003717077	2.431451321	5.42
3.5650121	10.73300716	7.673605724	0.003717077	2.526019742	5.04
3.638264654	12.75960821	9.580643069	0.003717077	2.334001819	5
4.60146925	12.82540507	10.66070158	0.003717077	2.325746185	4.97
4.75552964	13.4873265	10.6674207	0.003717077	2.252705519	5.01
4.032116119	13.16870472	10.69046939	0.003717077	2.855665368	5.05
4.294119893	13.1710227	10.98874494	0.003717077	2.874402974	5.14
4.288498335	13.11818088	11.05584639	0.003717077	2.865436865	5.09
4.19553952	13.14633238	10.94038818	0.003717077	2.804580503	5.09
3.950083703	13.10805563	10.99542002	0.003717077	2.853647711	5.14
4.147034525	13.09048187	11.03388975	0.003717077	2.835066825	5.08
0.28054279	1.95028302	0.545986661	0.056422125	0.877290741	6.65
0.286227564	2.171307396	0.545986661	0.095423311	0.877290741	6.61
0.309146402	2.681304757	0.545986661	0.554337091	0.877290741	6.35
0.971717692	4.044883983	0.545986661	1.846877311	0.877290741	6.23
2.622806119	5.666961814	0.545986661	5.279006729	0.877290741	5.68
2.807630002	6.395754902	0.545986661	8.252871573	0.877290741	5.76
2.913186334	6.546286561	0.545986661	8.904463363	0.877290741	5.76
2.819160746	6.444603646	0.545986661	8.969461029	0.877290741	5.72
3.072892558	6.373733649	0.545986661	9.167785355	0.877290741	5.88
3.03222013	6.20785867	0.545986661	9.205341358	0.877290741	5.88
3.211140214	6.418396546	0.545986661	9.143840026	0.877290741	5.85
3.062047407	6.097412791	0.545986661	9.343490452	0.877290741	5.8
3.109660787	6.078283507	0.545986661	9.340741601	0.877290741	5.89
3.786079041	7.065028232	0.545986661	9.409234865	0.877290741	5.89
3.175343654	5.481318506	0.545986661	9.759484883	0.877290741	5.97
3.008666963	4.954729868	0.545986661	10.03486985	0.877290741	5.92
3.329216638	4.772909833	0.545986661	10.37451198	0.877290741	5.92
0.278663525	1.933030216	0.545986661	0.054315034	0.877290741	6.65
0.281812369	2.034142367	0.545986661	0.101338349	0.877290741	6.57
0.330788051	2.758550864	0.545986661	0.630715859	0.877290741	6.4
1.02005452	4.18356268	0.545986661	1.897636669	0.877290741	6.23
2.790896272	5.916234194	0.545986661	5.226270485	0.877290741	5.68
2.864825179	6.697091823	0.545986661	8.376449548	0.877290741	5.76
2.927174996	6.700839521	0.545986661	8.757158167	0.877290741	5.76
3.065063177	6.593250215	0.545986661	8.802347012	0.877290741	5.72
3.124315598	6.529707721	0.545986661	8.997916055	0.877290741	5.88
3.160269646	6.448002643	0.545986661	9.073574708	0.877290741	5.88
3.138059153	6.314177538	0.545986661	9.183460792	0.877290741	5.89
3.127897445	6.272474054	0.545986661	9.15932106	0.877290741	5.85
3.189163531	6.240130009	0.545986661	9.19284474	0.877290741	5.89
3.209817832	6.04025071	0.545986661	9.407268958	0.877290741	5.89
3.16071951	5.77081251	0.545986661	9.524067596	0.877290741	5.93
3.088193919	5.292445529	0.545986661	9.807374805	0.877290741	5.97
3.07065938	4.973790751	0.545986661	10.10592197	0.877290741	5.97
0.614348887	2.143874342	0.545986661	0.095943271	0.877290741	6.61
0.645593086	2.244561379	0.545986661	0.124031743	0.877290741	6.69
0.770863523	3.160829292	0.545986661	0.952427466	0.877290741	6.35
1.529822491	5.498763119	0.545986661	3.825166871	0.877290741	5.97
2.392720322	6.558089777	0.545986661	8.744734129	0.877290741	5.8
2.386194647	6.308380684	0.545986661	9.352011709	0.877290741	5.92
2.397852135	6.197571275	0.545986661	9.591057077	0.877290741	5.92
2.339967751	5.979711636	0.545986661	9.599049143	0.877290741	5.97
2.367039815	5.863293834	0.545986661	9.699691845	0.877290741	5.97
2.413621575	5.698978204	0.545986661	9.881734369	0.877290741	5.85
2.396389559	5.259805877	0.545986661	10.23878192	0.877290741	5.85
2.440821842	4.917760872	0.545986661	10.543627	0.877290741	5.89
2.434176726	4.688396015	0.545986661	10.7251927	0.877290741	5.97
2.71465625	4.350774585	0.545986661	11.03285004	0.877290741	5.98
2.43226982	4.118596204	0.545986661	11.21040087	0.877290741	5.89
0.623073096	2.036395769	0.545986661	0.101500219	0.877290741	6.57
0.627852696	2.232745009	0.545986661	0.14479388	0.877290741	6.65
0.845946778	3.495919412	0.545986661	1.353495629	0.877290741	6.31
1.85944311	6.160376987	0.545986661	5.373341864	0.877290741	5.71
2.154490401	6.932645763	0.545986661	9.183629839	0.877290741	5.85
2.175253305	6.742679807	0.545986661	9.460116368	0.877290741	5.93
2.169391473	6.550186846	0.545986661	9.608006798	0.877290741	5.92
2.164815591	6.353390847	0.545986661	9.575181355	0.877290741	5.93
2.160853517	6.096175835	0.545986661	9.604963951	0.877290741	5.97
2.191382683	5.931262774	0.545986661	9.861293459	0.877290741	5.85
2.184152813	5.458137308	0.545986661	10.21792666	0.877290741	5.85
2.20925779	5.132181813	0.545986661	10.52822443	0.877290741	5.93
2.218824599	4.896914392	0.545986661	10.76378871	0.877290741	5.98
2.213248457	4.545158376	0.545986661	11.02700505	0.877290741	5.94
2.531382563	4.347764468	0.545986661	11.29532679	0.877290741	5.98
0.660105629	2.085680987	0.545986661	0.086776948	0.877290741	6.57
0.63084143	2.195290032	0.545986661	0.145070433	0.877290741	6.69
0.781016412	3.265377868	0.545986661	1.083963111	0.877290741	6.31
1.659402028	5.618472772	0.545986661	4.266035102	0.877290741	5.84
2.350521447	6.720697298	0.545986661	9.306186182	0.877290741	5.85
2.346032264	6.455245482	0.545986661	9.61948454	0.877290741	5.89
2.316856378	6.258966078	0.545986661	9.688923365	0.877290741	5.92
2.336069778	6.148182977	0.545986661	9.630355918	0.877290741	5.94
2.324335967	5.907423396	0.545986661	9.491765832	0.877290741	5.97
2.357712349	5.794692067	0.545986661	9.851545693	0.877290741	5.85
2.383349737	5.36984757	0.545986661	10.22057629	0.877290741	5.85
2.37745424	5.023354116	0.545986661	10.48013882	0.877290741	5.93
2.382395593	4.778985074	0.545986661	10.67750215	0.877290741	5.98
2.385206146	4.449150342	0.545986661	10.98859646	0.877290741	5.98
2.689323689	4.231538476	0.545986661	11.20754177	0.877290741	5.98
0.383381579	1.707691205	0.545986661	0.00074038	0.877290741	6.64
0.380339465	1.884801505	0.545986661	0.050833553	0.877290741	6.65
0.597933504	2.839448524	0.545986661	0.763466818	0.877290741	6.4
1.154429951	5.055125603	0.545986661	3.341179932	0.877290741	5.97
2.16594405	5.965085808	0.545986661	7.456626053	0.877290741	5.68
2.231833481	6.187081069	0.545986661	9.285499051	0.877290741	5.85
2.130522425	6.42012905	0.545986661	9.508277317	0.877290741	5.81
1.552092473	5.885853206	0.545986661	9.548506836	0.877290741	5.81
1.240510213	6.703032176	0.545986661	9.61016766	0.877290741	5.77
0.745138766	6.666918908	0.545986661	9.760360437	0.877290741	5.8
0.311348024	6.520099551	0.545986661	9.957367298	0.877290741	5.81
0.35375	6.373443782	0.545986661	10.08360133	0.877290741	5.76
0.408356128	6.13265885	0.545986661	10.41988366	0.877290741	5.89
0.238665853	6.013632727	0.545986661	10.59236124	0.877290741	5.8
0.388300133	1.708219877	0.545986661	0.002632639	0.877290741	6.64
0.372565798	1.863922857	0.545986661	0.036919436	0.877290741	6.65
0.631673068	3.086516291	0.545986661	0.883954	0.877290741	6.44
1.315384658	5.409095797	0.545986661	3.814018265	0.877290741	5.89
2.394539187	6.341442698	0.545986661	8.146408692	0.877290741	5.76
2.192904529	6.327017768	0.545986661	9.096020295	0.877290741	5.85
2.024307504	6.740803806	0.545986661	9.081616386	0.877290741	5.8
1.504165409	6.949469985	0.545986661	9.548506836	0.877290741	5.77
1.054669072	6.800850681	0.545986661	9.403582998	0.877290741	5.78
0.507194161	6.779100161	0.545986661	9.660287349	0.877290741	5.85
0.35002742	6.537820638	0.545986661	10.02432095	0.877290741	5.85
0.32631905	6.409414508	0.545986661	10.07176988	0.877290741	5.8
0.369230018	6.142847231	0.545986661	10.38693602	0.877290741	6.02
0.366326488	5.57077919	0.545986661	10.54767494	0.877290741	5.8
0.383741141	1.744699304	0.545986661	0.008675573	0.877290741	6.69
0.373473452	1.851085616	0.545986661	0.047583348	0.877290741	6.65
0.621167185	2.892628048	0.545986661	0.771544671	0.877290741	6.52
1.214221359	4.992988435	0.545986661	3.428519368	0.877290741	5.93
2.327009547	6.236304822	0.545986661	7.899400658	0.877290741	5.8
2.260219694	6.231519153	0.545986661	9.026801966	0.877290741	5.85
2.044521203	6.376911658	0.545986661	9.442936045	0.877290741	5.77
1.789764876	6.594358979	0.545986661	9.548506836	0.877290741	5.81
1.301933726	6.806656623	0.545986661	9.451087052	0.877290741	5.8
0.6887248	6.825017713	0.545986661	9.657679982	0.877290741	5.8
0.399374778	6.61231062	0.545986661	9.851754245	0.877290741	5.85
0.399071603	6.51518282	0.545986661	10.01901893	0.877290741	5.8
0.288948268	6.304178574	0.545986661	10.34072555	0.877290741	5.89
0.23970504	6.081257271	0.545986661	10.36318675	0.877290741	5.8
2.11016228	2.11016228	0.545986661	0.238370816	0.877290741	6.56
2.339349199	2.339349199	0.545986661	0.329387943	0.877290741	6.64
3.295986301	3.295986301	0.545986661	1.722499463	0.877290741	6.26
5.076181112	5.076181112	0.545986661	5.489591099	0.877290741	5.8
5.109056579	5.109056579	0.545986661	9.232293335	0.877290741	5.92
4.920853739	4.920853739	0.545986661	9.56473627	0.877290741	5.88
4.666188214	4.666188214	0.545986661	9.511214509	0.877290741	5.93
4.628102323	4.628102323	0.545986661	9.917396862	0.877290741	5.93
4.555549568	4.555549568	0.545986661	10.04613261	0.877290741	6.05
4.22435495	4.22435495	0.545986661	10.25112327	0.877290741	6.01
4.138005309	4.138005309	0.545986661	10.44325716	0.877290741	5.89
3.797380459	3.797380459	0.545986661	10.74667362	0.877290741	6.01
3.036863239	3.036863239	0.545986661	11.35847505	0.877290741	6.1
2.133360459	2.133360459	0.545986661	0.243985399	0.877290741	6.56
2.341784844	2.341784844	0.545986661	0.316443127	0.877290741	6.64
3.341928486	3.341928486	0.545986661	1.641040039	0.877290741	6.26
5.092742733	5.092742733	0.545986661	5.383638574	0.877290741	5.8
5.109056579	5.109056579	0.545986661	9.232293335	0.877290741	5.88
4.901863649	4.901863649	0.545986661	9.524020741	0.877290741	5.83
4.762862081	4.762862081	0.545986661	9.553073862	0.877290741	5.93
4.641154931	4.641154931	0.545986661	9.757880774	0.877290741	5.93
4.566432481	4.566432481	0.545986661	9.918238422	0.877290741	6
4.356682411	4.356682411	0.545986661	10.11011691	0.877290741	5.93
4.206638646	4.206638646	0.545986661	10.33362649	0.877290741	5.93
3.885529329	3.885529329	0.545986661	10.61476549	0.877290741	6.01
3.080465684	3.080465684	0.545986661	11.27026098	0.877290741	6.05
2.152351506	2.152351506	0.545986661	0.232540287	0.877290741	6.56
2.311864247	2.311864247	0.545986661	0.321061832	0.877290741	6.68
3.327735784	3.327735784	0.545986661	1.533656701	0.877290741	6.31
5.039805243	5.039805243	0.545986661	4.989269301	0.877290741	5.84
5.179218652	5.179218652	0.545986661	9.282416699	0.877290741	5.88
5.020969174	5.020969174	0.545986661	9.59984201	0.877290741	5.88
4.913270331	4.913270331	0.545986661	9.740612252	0.877290741	5.93
4.710353651	4.710353651	0.545986661	9.763252611	0.877290741	5.96
4.714738003	4.714738003	0.545986661	9.940660123	0.877290741	6
4.494922003	4.494922003	0.545986661	10.09107799	0.877290741	5.97
4.357486002	4.357486002	0.545986661	10.24892658	0.877290741	5.89
4.074489123	4.074489123	0.545986661	10.5616103	0.877290741	6.01
3.191088306	3.191088306	0.545986661	11.18878949	0.877290741	6.05
2.107076349	2.107076349	0.545986661	0.336859374	0.877290741	6.6
2.231554212	2.231554212	0.545986661	0.301532277	0.877290741	6.68
3.228045822	3.228045822	0.545986661	1.414317534	0.877290741	6.34
4.920494993	4.920494993	0.545986661	4.599469351	0.877290741	5.92
5.224908519	5.224908519	0.545986661	9.400164389	0.877290741	5.88
4.998881912	4.998881912	0.545986661	9.726407708	0.877290741	5.79
4.811451571	4.811451571	0.545986661	9.708472185	0.877290741	5.89
4.74628611	4.74628611	0.545986661	10.03779234	0.877290741	5.93
4.69598612	4.69598612	0.545986661	10.08943254	0.877290741	6
4.489899083	4.489899083	0.545986661	10.29642604	0.877290741	5.97
4.365254044	4.365254044	0.545986661	10.46542438	0.877290741	5.93
4.097323055	4.097323055	0.545986661	10.85585412	0.877290741	5.96
3.272449705	3.272449705	0.545986661	11.37490385	0.877290741	6.01
2.126560073	2.126560073	0.545986661	0.29350372	0.877290741	6.6
2.271071977	2.271071977	0.545986661	0.304595537	0.877290741	6.6
3.158348445	3.158348445	0.545986661	1.397430402	0.877290741	6.34
4.458531784	4.458531784	0.545986661	4.039676072	0.877290741	6
5.038628557	5.038628557	0.545986661	8.745201765	0.877290741	5.88
4.683884906	4.683884906	0.545986661	9.522317408	0.877290741	5.83
4.628134371	4.628134371	0.545986661	9.762657271	0.877290741	5.97
4.493971088	4.493971088	0.545986661	9.836997542	0.877290741	6.01
4.407165601	4.407165601	0.545986661	9.848882283	0.877290741	6
4.312542325	4.312542325	0.545986661	10.16517571	0.877290741	5.97
4.193020177	4.193020177	0.545986661	10.25160101	0.877290741	5.93
3.963067694	3.963067694	0.545986661	10.47294789	0.877290741	5.97
3.27342095	3.27342095	0.545986661	11.05616199	0.877290741	6.05
2.17374615	2.17374615	0.545986661	0.332790934	0.877290741	6.6
2.324828364	2.324828364	0.545986661	0.32326886	0.877290741	6.64
3.321597404	3.321597404	0.545986661	1.62142553	0.877290741	6.34
4.881824107	4.881824107	0.545986661	4.986786422	0.877290741	5.89
5.229526774	5.229526774	0.545986661	9.278329252	0.877290741	5.88
4.998496858	4.998496858	0.545986661	9.526966201	0.877290741	5.88
4.894447177	4.894447177	0.545986661	9.628597462	0.877290741	5.97
4.8222326	4.8222326	0.545986661	9.827542851	0.877290741	5.97
4.768475735	4.768475735	0.545986661	9.884182795	0.877290741	6
4.617922551	4.617922551	0.545986661	10.17937842	0.877290741	5.97
4.488062305	4.488062305	0.545986661	10.28431529	0.877290741	6.01
4.186692857	4.186692857	0.545986661	10.48526719	0.877290741	6
3.404021409	3.404021409	0.545986661	11.07946016	0.877290741	6.05
0.382365956	2.468379308	0.356918496	0.003717077	0.289956309	6.61
0	2.505036912	0.376982765	0.003717077	0.360295215	6.57
0.271570534	3.782205033	0.994389534	0.003717077	0.942205377	6.35
0.16585696	6.817558191	2.870660342	0.003717077	1.852007552	5.38
3.335732167	11.0252549	6.551368542	0.003717077	1.787803932	5.05
3.94862776	12.70112021	7.847894478	0.003717077	1.777680237	5
3.877010658	13.27412912	8.507940012	0.003717077	1.653576286	4.99
3.970196315	13.42800046	9.084034837	0.003717077	1.668698555	4.99
3.838567027	13.45143948	8.549407384	0.003717077	1.695875856	5.01
3.940677785	13.48658031	8.693242285	0.003717077	1.642472151	5.09
3.996769862	13.19857629	8.577691702	0.003717077	1.565827987	5.09
4.139121862	13.49521795	8.965545052	0.003717077	1.517902232	5.14
4.04566412	13.32059196	8.903176551	0.003717077	1.48191376	5.16
4.287066837	13.05687934	8.854390682	0.003717077	0	5.25
4.816942235	12.59836705	9.496372829	0.003717077	0	5.25
4.485023159	12.34572545	9.167987554	0.003717077	0.44833642	5.21
4.202732787	11.98120804	8.97030276	0.003717077	0.518682057	5.17
0.285470423	2.494782043	0.35388713	0.003717077	0.309113212	6.65
0.982094763	2.493983954	0.379563166	0.003717077	0.379364645	6.57
0.197363084	3.922351957	1.090535135	0.003717077	1.066128199	6.27
1.922466224	6.956097695	4.588108158	0.003717077	1.818326082	5.38
3.570723808	11.09156165	6.776218722	0.003717077	1.74757838	5.05
4.159302319	12.89859591	8.399427051	0.003717077	1.722752394	5
3.742888097	13.27480452	8.653741502	0.003717077	1.688481236	5
4.181882202	13.58936816	9.065822216	0.003717077	1.725937171	5
3.922275109	13.42955503	8.900575376	0.003717077	1.67095831	5.01
3.959240946	13.46940069	8.88812995	0.003717077	1.658493042	5.09
3.817002623	13.38675235	8.964840096	0.003717077	1.603805726	5.09
3.960353269	13.34993259	9.029995749	0.003717077	1.510800204	5.14
4.203481194	13.29205302	9.104126083	0.003717077	1.520342906	5.16
4.817269135	12.97271214	9.338103339	0.003717077	0	5.25
4.138138314	12.62869026	9.209834015	0.003717077	0.283694421	5.17
4.264199972	12.32856701	8.766718177	0.003717077	0.43925031	5.17
4.111013837	12.01269146	8.966687168	0.003717077	0.531493658	5.21
0	2.414866151	0.353165603	0.003717077	0.28877028	6.57
0.29955322	2.536510161	0.383920212	0.003717077	0.355851943	6.61
0.197363084	3.922351957	1.090535135	0.003717077	1.066128199	6.3
1.860144077	6.917564089	4.318070739	0.003717077	1.790372831	5.38
3.496814269	11.07666557	6.751775849	0.003717077	1.768264502	5.09
3.956173295	12.81065631	7.963698895	0.003717077	1.661878118	5
3.868246271	13.04788105	8.291114519	0.003717077	1.657016989	5.04
4.003175866	13.54971383	9.061743273	0.003717077	1.718351156	5
3.847055639	13.24608094	8.848196265	0.003717077	1.653457803	5.01
4.136846027	13.31407331	8.842949307	0.003717077	1.65472832	5.09
3.985778984	13.41699988	8.751318848	0.003717077	1.656483347	5.09
4.002318104	13.46004173	8.871339808	0.003717077	1.493913165	5.14
3.930071516	13.24543041	8.818618271	0.003717077	1.537205222	5.16
4.195254522	12.99076134	9.331989436	0.003717077	4.847232379	5.21
4.672644537	12.53077937	9.153823972	0.003717077	0.349716551	5.21
4.769871583	12.1889473	9.415807906	0.003717077	0.484653368	5.17
3.959027412	12.07181877	9.412746088	0.003717077	0.526666051	5.17
0.378785233	2.380985	0.35384205	0.003717077	0.297410485	6.65
0.33533828	2.53876452	0.381293355	0.003717077	0.340172356	6.61
0.226711834	3.911570928	1.029855356	0.003717077	1.049800259	6.31
1.498556734	6.644386323	3.948859768	0.003717077	1.762595366	5.38
3.486663859	10.98137885	6.776214952	0.003717077	1.812605824	5.09
3.906162564	12.9886832	8.215180956	0.003717077	1.742934101	4.99
3.865566919	13.13144969	8.855783024	0.003717077	1.732076674	4.99
4.017257453	13.33231099	9.020137674	0.003717077	1.72936415	5
3.760767816	13.34890418	9.2432418	0.003717077	1.715567501	5.01
4.136846027	13.31407331	8.842949307	0.003717077	1.65472832	5.09
4.194611662	13.42007936	9.280901027	0.003717077	1.662553185	5.09
3.950134838	13.26248567	9.228083989	0.003717077	1.534915191	5.14
4.106043622	13.25455212	9.170025647	0.003717077	1.594146741	5.17
4.279315162	13.05264209	9.96113161	0.003717077	4.717280573	5.25
4.228297128	12.59595014	9.496805922	0.003717077	0.384536908	5.21
4.269854289	12.26578373	9.513692633	0.003717077	0.471296335	5.21
4.236306083	12.10304331	9.297270023	0.003717077	0.538706312	5.17
0.341544687	2.413872186	0.38413839	0.003717077	0.318139427	6.65
0.321695201	2.583012947	0.372215162	0.003717077	0.338285857	6.57
0.207581285	4.063736315	1.100194509	0.003717077	1.08630624	6.31
1.993963308	6.859172706	4.278072653	0.003717077	1.712702344	5.38
3.772916903	10.93412102	7.003668819	0.003717077	1.757819196	5.05
3.965202851	12.94366586	8.272550049	0.003717077	1.650746642	5
3.863933021	13.08410385	8.565067209	0.003717077	1.638885938	4.99
3.912704149	13.28092807	8.693639373	0.003717077	1.654583857	5
3.727681044	13.32107699	8.877265962	0.003717077	1.658213965	5.01
3.910148388	13.25975154	8.940972748	0.003717077	1.631274466	5.09
3.918162464	13.41114898	9.028484052	0.003717077	1.61551212	5.09
4.077982826	13.29214103	8.820575435	0.003717077	1.496912309	5.14
4.085574017	13.1799636	8.929956083	0.003717077	1.536799595	5.12
4.357692901	12.91797976	9.422751983	0.003717077	0	5.21
4.220392578	12.5663153	9.409596679	0.003717077	0.397706444	5.25
4.278739219	12.2269625	9.346108249	0.003717077	0.462884087	5.17
4.163949503	12.08228421	9.129814107	0.003717077	0.58346028	5.21
0.176178605	2.346856314	0.357999452	0.003717077	0.762253642	6.61
0.353564159	2.610348661	0.350171542	0.003717077	0.3487474	6.57
0.256635739	3.868867021	1.107815118	0.003717077	1.132750598	6.3
1.62785992	6.882897285	4.204037821	0.003717077	1.787901987	5.42
3.764569175	10.93520013	6.989236699	0.003717077	1.811738629	5.05
3.813477499	12.86870234	7.92443184	0.003717077	1.703026283	5
3.793088366	13.05008231	8.723895934	0.003717077	1.664209738	4.99
3.733949852	13.22586202	8.852961315	0.003717077	1.71196086	5
3.947003085	13.21242006	8.589265672	0.003717077	1.681050369	5.04
3.861116243	13.18489229	8.873898886	0.003717077	1.648998319	5.09
4.103014248	13.1785621	8.769216689	0.003717077	1.615024258	5.09
4.045083056	13.24048354	8.871802867	0.003717077	1.540359933	5.13
4.040188742	13.16648146	9.001870392	0.003717077	1.577707233	5.16
4.288003457	12.86678096	9.747671546	0.003717077	5.875579366	5.21
4.13981041	12.46682412	9.047003915	0.003717077	0.39667339	5.25
4.114829603	12.23258941	9.28889528	0.003717077	0.494493424	5.21
4.013718536	11.99669323	8.974710571	0.003717077	0.554067694	5.17
0.277434931	1.991844082	0.448714277	0.018011577	0.690152716	6.69
0.272551714	2.026111483	0.463539637	0.062453627	0.716809837	6.61
0.257467243	3.25274021	0.723384057	0.332516347	1.086844492	6.35
1.017758048	8.526806473	3.530114958	1.686161357	2.292510988	5.38
0.800450593	12.43655043	5.303987842	3.720525609	2.37097272	5.17
0.713709736	11.82311325	5.056618025	3.568271882	2.192409828	5.21
0.856991093	12.59083887	5.572140667	3.801202157	2.320021946	5.25
0.860568846	12.54199587	5.569105335	3.907519879	2.468551076	5.34
0.903580174	12.6254832	5.7301482	4.021670725	2.523336865	5.37
0.901747227	12.55088415	5.693937211	4.064633937	2.453410055	5.46
0.92296772	12.40255567	5.692534838	4.17060989	2.47990967	5.34
0.898305228	12.3621035	5.702533653	4.189595066	2.428948001	5.47
0.874954858	12.28892604	5.744660743	4.229317903	2.414714402	5.47
0.858017179	12.04277093	5.812110331	4.740329629	2.352679083	5.47
0.877744832	11.94651225	5.83953513	4.486002961	2.325775937	5.51
0.917333702	12.5380267	6.210960868	4.893921721	2.339070057	5.5
0.931185226	11.59523504	5.633701799	4.746593556	2.161207583	5.62
0.274698798	2.011526552	0.449217626	0.046364727	0.692716744	6.69
0.276154428	2.069328396	0.456523023	0.062397505	0.690155912	6.61
0.253352351	3.338432867	0.729673449	0.35079674	1.107111997	6.35
0.969316536	9.054083424	3.58284906	1.919368859	2.344726412	5.34
0.685145524	12.32688135	4.86537012	4.013635938	2.350794679	5.17
0.650133631	12.11286699	4.851443784	3.937714067	2.23086202	5.21
0.693608196	12.52075046	5.107399047	4.096862662	2.304005978	5.25
0.781879823	12.58187692	5.214586603	4.217038106	2.476938916	5.3
0.830319317	12.49787205	5.279793777	4.298303333	2.47656765	5.37
0.866081291	13.30328033	5.683708437	4.702277969	2.593563706	5.46
0.834473582	12.3133198	5.300737002	4.476444913	2.439932606	5.42
0.815552789	12.26945906	5.335754844	4.517368535	2.410258585	5.47
0.822131325	12.17254125	5.317170897	4.574335089	2.380508509	5.51
0.797763055	11.89368669	5.371430518	4.756337648	2.287577889	5.55
0.798221277	11.72218036	5.360927177	4.832798815	2.235149595	5.55
0.796879123	11.7157325	5.358454176	5.032929372	2.120923156	5.54
0.872156699	11.43126141	5.053263201	5.134767347	2.025881434	5.59
0.276242251	2.082331736	0.441321742	0.004654762	0.720389764	6.65
0.275159874	2.099778024	0.459651265	0.02181502	0.701944227	6.65
0.253200369	3.358571662	0.733233335	0.310423956	1.116412392	6.35
0.983224956	8.812288742	3.586459917	1.770997013	2.373796184	5.39
0.753174495	12.44119786	5.159942146	3.88934916	2.436608604	5.17
0.699877638	12.2262211	5.044231973	3.83198112	2.336464073	5.21
0.773154001	12.83471141	5.398131513	4.172322869	2.604532387	5.21
0.854128486	12.48756408	5.393522282	4.048410015	2.510752801	5.3
0.892584165	12.59509216	5.550045134	4.20432237	2.569858431	5.37
0.859758123	12.47891113	5.512238884	4.258669613	2.523755063	5.42
0.888301064	12.42756743	5.570813063	4.35803941	2.532037515	5.38
0.890734732	12.32746109	5.559705293	4.355624058	2.480063456	5.42
0.830336553	12.21962592	5.517225097	4.422477107	2.446764566	5.47
0.88114204	12.20723053	5.711683002	4.677048618	2.447185697	5.51
0.881592365	11.97911507	5.671436422	4.694960713	2.352213115	5.55
0.883895294	12.18801324	5.850642899	5.014446743	2.337245785	5.5
0.890369665	11.5172944	5.368762744	4.895962688	2.168561452	5.54
0.27030496	1.927216143	0.445744799	0.047966776	0.690572852	6.69
0.274457899	2.055562362	0.457532588	0.062006247	0.715584157	6.69
0.247476251	3.196293229	0.700092863	0.315136055	1.08854871	6.31
0.967851077	8.380778748	3.420382461	1.677084266	2.332479043	5.38
0.818263731	12.36926597	5.263972793	3.825017576	2.436211987	5.17
0.707284363	11.98571886	5.073459374	3.715929872	2.275917379	5.17
0.822759774	12.68593234	5.486979217	4.083584661	2.552671258	5.21
0.862504575	12.43140266	5.49497563	3.99883881	2.484411791	5.3
0.927049236	12.44909314	5.594385108	4.10972218	2.520721244	5.37
0.871805063	12.24441669	5.518565267	4.122668518	2.459211815	5.45
0.936994486	12.27698029	5.598061937	4.235387059	2.48119611	5.38
0.901781469	12.23307554	5.639213273	4.264761737	2.455682486	5.42
0.870459968	12.10059788	5.584886422	4.320452169	2.422124422	5.47
0.850941798	11.66849094	5.540587288	4.434379304	2.316255652	5.51
0.889457544	11.71658775	5.676799617	4.52563714	2.286229432	5.55
0.871106056	11.55328187	5.629663695	4.669392349	2.206366025	5.5
0.950729913	11.36663742	5.43261027	4.789209946	2.149499094	5.54
0.265898729	1.98034879	0.441339884	0.055725179	0.70767119	6.65
0.27474552	2.112069373	0.459579757	0.052234234	0.747207114	6.61
0.248104902	3.293095527	0.724031523	0.229396523	1.127306799	6.31
0.819437792	8.766243956	3.374428691	1.511902576	2.456579642	5.38
0.801636356	12.58932736	5.097334261	3.604468619	2.449841127	5.17
0.754522588	12.31177576	4.982640683	3.572909421	2.304601009	5.21
0.851838758	12.95936267	5.382488652	3.89574217	2.597663762	5.21
0.862299876	12.73976144	5.38111958	3.789214977	2.544018168	5.3
0.957494182	12.98560277	5.579559669	3.899095548	2.57419608	5.33
0.911723433	12.50833499	5.448775879	3.825555725	2.465699956	5.46
0.934690808	12.68609498	5.5253767	3.94462019	2.48963151	5.34
0.941880384	12.65128802	5.560408364	3.951340269	2.445309254	5.38
0.889061059	12.61504991	5.59011893	4.003268945	2.417784258	5.47
0.891547127	12.36082062	5.633451106	4.061151936	2.327406614	5.51
0.868452644	12.28951247	5.654523133	4.125037014	2.243060362	5.55
0.906218771	12.09165602	5.57937432	4.279271761	2.138785396	5.5
0.957728798	11.96108498	5.462228475	4.405418516	2.049161387	5.58
0.269067086	1.95388447	0.443489858	0.045673434	0.697083726	6.69
0.275811871	2.072846736	0.446833294	0.052812556	0.741565111	6.61
0.244557268	3.024779245	0.744189919	0.097100294	1.146201438	6.4
1.105622238	7.477237223	3.36301965	0.665752522	2.450373512	5.51
1.544210751	12.98361197	5.928008994	2.231653739	2.53524272	5.09
1.519896091	12.91570378	5.699907974	2.417078122	2.339151979	5.13
1.583014435	13.42267954	6.057660582	2.639212126	2.613303016	5.13
1.588215076	13.22421944	6.082050049	2.569293951	2.55072316	5.21
1.734297417	14.18128632	6.625604431	2.795933196	2.736613313	5.25
1.638522219	13.12852041	6.170980061	2.670495244	2.521917382	5.37
1.69129635	13.14103442	6.243722474	2.687627793	2.522791281	5.3
1.65742837	13.13169364	6.293457685	2.703652809	2.491698614	5.34
1.636745708	13.03096164	6.244732157	2.719371427	2.44131731	5.38
1.597145597	12.90781233	6.354454601	2.746555154	2.387207006	5.42
1.605453203	12.77081352	6.309625807	2.775401561	2.308146262	5.42
1.634168387	12.72941234	6.369692834	2.8327843	2.216570804	5.37
1.666409849	12.45942119	6.086165434	2.891109202	2.105702518	5.46
0.623640556	2.095234149	0.545986661	0.090568513	0.877290741	6.61
0.62434279	2.216474212	0.545986661	0.110202401	0.877290741	6.69
0.636090378	3.226628058	0.545986661	0.746869374	0.877290741	6.4
0.636243368	7.228960243	0.545986661	4.708399492	0.877290741	5.76
0.638193104	9.440079576	0.545986661	8.943701569	0.877290741	5.68
0.638592413	10.20082639	0.545986661	8.992154674	0.877290741	5.59
0.641717767	10.16212968	0.545986661	9.109117766	0.877290741	5.59
0.644820524	10.08267752	0.545986661	9.108383697	0.877290741	5.68
0.647308263	9.935238732	0.545986661	9.108816421	0.877290741	5.64
0.648495583	9.800749229	0.545986661	9.317686893	0.877290741	5.59
0.649989172	9.442718032	0.545986661	9.558837998	0.877290741	5.59
0.652197101	9.268782752	0.545986661	9.777893554	0.877290741	5.68
0.701474008	9.11620959	0.545986661	9.746573916	0.877290741	5.73
0.716233676	9.115165879	0.545986661	9.904437202	0.877290741	5.68
0.722452563	9.450804641	0.545986661	10.08741408	0.877290741	5.64
0.731863039	2.118280698	0.545986661	0.084230182	0.877290741	6.65
0.736465495	2.196400709	0.545986661	0.107160359	0.877290741	6.69
0.794181843	3.11951995	0.545986661	0.651048991	0.877290741	6.4
1.279796157	6.834791862	0.545986661	4.420899182	0.877290741	5.76
1.282718196	9.130348959	0.545986661	8.815036564	0.877290741	5.8
1.284639513	9.850213103	0.545986661	9.071853001	0.877290741	5.59
1.296464979	9.967014045	0.545986661	9.08577825	0.877290741	5.59
1.298429761	9.850718217	0.545986661	9.067692974	0.877290741	5.68
1.304826656	9.683575191	0.545986661	8.937928245	0.877290741	5.64
1.326730822	9.649464682	0.545986661	9.34856462	0.877290741	5.55
1.327556879	9.283990705	0.545986661	9.571901475	0.877290741	5.59
1.342743525	9.094438024	0.545986661	9.716917187	0.877290741	5.64
1.343315943	8.989424991	0.545986661	9.814305734	0.877290741	5.68
1.345890957	9.037206108	0.545986661	9.896789661	0.877290741	5.6
1.352203691	9.570373187	0.545986661	10.09661612	0.877290741	5.64
1.352370401	2.095018902	0.545986661	0.082004829	0.877290741	6.65
1.35785604	2.224974096	0.545986661	0.104332323	0.877290741	6.65
1.35974692	3.36206465	0.545986661	0.851629095	0.877290741	6.4
1.359915821	7.961822466	0.545986661	5.333096726	0.877290741	5.67
1.36153842	9.429251192	0.545986661	9.0323796	0.877290741	5.64
1.363507813	10.08184428	0.545986661	9.142527523	0.877290741	5.55
1.365457261	10.00315171	0.545986661	9.295261518	0.877290741	5.59
1.366096778	9.981479633	0.545986661	9.18735898	0.877290741	5.72
1.367321279	9.75977089	0.545986661	9.211171643	0.877290741	5.64
1.368209131	9.63939971	0.545986661	9.438248665	0.877290741	5.56
1.37056567	9.338405271	0.545986661	9.618500576	0.877290741	5.55
1.373390403	9.164409722	0.545986661	9.767720414	0.877290741	5.59
1.373535554	8.932385363	0.545986661	9.787950015	0.877290741	5.68
1.378606724	8.952565054	0.545986661	9.997840282	0.877290741	5.68
1.382365772	9.046731527	0.545986661	10.07414389	0.877290741	5.64
1.383746837	2.083139632	0.545986661	0.086088637	0.877290741	6.61
1.389438732	2.21365734	0.545986661	0.108311345	0.877290741	6.69
1.391644931	3.521389887	0.545986661	0.992749719	0.877290741	6.35
1.395698893	8.449290589	0.545986661	5.888657398	0.877290741	5.59
1.396581788	9.074352085	0.545986661	8.9817886	0.877290741	5.76
1.401677168	9.820329098	0.545986661	9.292710194	0.877290741	5.59
1.40400304	9.803885146	0.545986661	9.375224439	0.877290741	5.63
1.410131309	9.709598135	0.545986661	9.293726313	0.877290741	5.68
1.414108832	9.52209174	0.545986661	9.299640203	0.877290741	5.68
1.415229687	9.445615741	0.545986661	9.459813186	0.877290741	5.56
1.416083759	9.142738604	0.545986661	9.781859728	0.877290741	5.59
1.417391846	8.955710537	0.545986661	9.859308075	0.877290741	5.68
1.417757548	8.813828958	0.545986661	9.945085664	0.877290741	5.68
1.418104803	8.873525219	0.545986661	10.09847747	0.877290741	5.6
1.418803694	9.185904815	0.545986661	10.16369931	0.877290741	5.66
1.421272756	2.126158995	0.545986661	0.085675171	0.877290741	6.61
1.42265532	2.174508843	0.545986661	0.112480703	0.877290741	6.65
1.425540005	3.367135403	0.545986661	0.898405512	0.877290741	6.4
1.431888133	7.972063941	0.545986661	5.51949313	0.877290741	5.71
1.432059685	9.408396102	0.545986661	8.900140721	0.877290741	5.76
1.436015995	10.03024323	0.545986661	9.219407174	0.877290741	5.64
1.437195187	9.955611668	0.545986661	9.296344705	0.877290741	5.59
1.439661367	9.944990878	0.545986661	9.233188182	0.877290741	5.64
1.445787215	9.679029164	0.545986661	9.227665673	0.877290741	5.68
1.446486221	9.602213553	0.545986661	9.389762484	0.877290741	5.56
1.44907484	9.309118219	0.545986661	9.676790566	0.877290741	5.55
1.451718683	9.066474983	0.545986661	9.730136848	0.877290741	5.59
1.460793317	9.003877186	0.545986661	9.865777799	0.877290741	5.64
1.471232183	8.86569595	0.545986661	9.943239927	0.877290741	5.68
1.472089945	8.987289736	0.545986661	10.07316635	0.877290741	5.64
1.477507217	2.046319635	0.545986661	0.084741486	0.877290741	6.61
1.484509619	2.231667815	0.545986661	0.11645445	0.877290741	6.65
1.487135937	3.699347424	0.545986661	1.196068397	0.877290741	6.4
1.488333806	8.884199581	0.545986661	6.574326865	0.877290741	5.59
1.489016441	9.065980392	0.545986661	8.978788015	0.877290741	5.8
1.495411031	9.744667213	0.545986661	9.436667524	0.877290741	5.59
1.501128981	9.734354466	0.545986661	9.385696168	0.877290741	5.59
1.514736839	9.726552941	0.545986661	9.301516258	0.877290741	5.64
1.537869079	9.527738878	0.545986661	9.335310965	0.877290741	5.64
1.538934364	9.493349982	0.545986661	9.524736434	0.877290741	5.56
1.541387286	9.168641009	0.545986661	9.682314913	0.877290741	5.55
1.544382073	8.989460387	0.545986661	9.803335133	0.877290741	5.64
1.548558934	8.893245715	0.545986661	9.90239945	0.877290741	5.73
1.55582293	8.799448512	0.545986661	10.02430441	0.877290741	5.68
1.807490886	9.02756015	0.545986661	10.09620452	0.877290741	5.68
0.38415146	1.707833627	0.555724769	0.003276909	0.876114577	6.6
0.370611566	1.764380937	0.57738261	0.030044866	0.909991265	6.65
0.519302398	1.764931851	1.461949445	0.643102287	1.502390888	6.19
1.227559836	1.768940238	3.74986053	3.289420532	2.020660876	5.33
1.185681061	1.772013015	4.422282327	4.940103257	2.028773619	5.3
1.238438832	1.798189382	5.154263189	4.974789596	1.876881727	5.35
1.294677509	1.804061334	5.282499873	5.069673674	1.845247038	5.3
1.235020093	1.86122736	5.061062325	5.051360552	1.865247952	5.35
1.253293295	1.884740398	5.35550995	5.504544871	2.293886683	5.34
1.21194849	1.89737722	5.362766873	5.709011851	2.36978203	5.51
1.2391502	1.905918599	5.427004573	5.827138059	2.201740917	5.42
1.206978353	1.91084107	5.416630028	6.038165259	2.272909331	5.51
1.194338477	3.051809547	5.692800576	6.34094733	2.342346498	5.55
1.150217806	3.711439311	5.707879922	6.467076169	2.229351815	5.5
0.37879633	3.749189416	0.544169962	0.002431036	0.851983614	6.69
0.359538284	3.898789053	0.559799275	0.020026545	0.857925332	6.69
0.531826377	3.967561823	1.458731137	0.571733432	1.489978733	6.23
1.217361679	4.017906776	3.822564908	3.280169801	2.044960763	5.33
1.141701266	6.635841954	4.489718435	5.003143101	2.047749446	5.34
1.293511212	8.824549239	5.264263697	4.85817057	1.947215631	5.35
1.315438277	9.012441166	5.282499873	5.232136179	1.897164737	5.3
1.365158304	9.760168859	5.194427217	5.320850004	1.880283669	5.34
1.263470693	9.772910554	5.319029384	5.401809752	2.310005524	5.42
1.261181394	9.942581063	5.373806758	5.654383016	2.332242078	5.51
1.232404085	10.09659303	5.45732272	5.788327065	2.214977839	5.47
1.128263099	10.13320041	5.422237615	5.999371721	2.294163246	5.51
1.191293628	10.25265703	5.494949276	6.272757064	2.314959156	5.56
1.112862456	10.42953785	5.645246846	6.406119095	2.219693249	5.5
0.380898019	10.43084656	0.553097912	0.000996487	0.880057547	6.64
0.370676792	10.54034726	0.560704188	0.008398638	0.892994649	6.69
0.47361734	10.5833805	1.430918367	0.024861508	1.384519676	6.4
1.219134214	10.66554668	3.913856042	0.485199208	2.36909963	5.59
2.388882771	10.68979025	6.4843958	1.820210256	2.37757442	5.13
2.848027753	10.6987388	8.188389449	2.290794017	2.196548644	5.19
3.115692274	10.70056697	5.130681768	2.38246023	2.222720154	5.09
2.914780306	10.71600931	7.85996418	2.505088069	2.097733924	5.17
2.780768206	10.78659518	8.42749149	2.660530656	2.702432353	5.21
2.761345027	10.82932133	8.557457194	2.733281517	2.71381567	5.21
2.729472691	10.85704138	8.572778389	2.70277404	2.606237234	5.3
2.508581816	10.89337707	8.557113557	2.754914025	2.675729714	5.3
2.65313488	10.92798312	8.589370565	2.789069564	2.708490144	5.34
2.544605018	10.95969912	8.61239038	2.874800527	2.620489271	5.29
0.372216929	10.97623013	0.538611129	0.000561112	0.897476865	6.64
0.369882094	11.00792891	0.447216088	0.024995625	0.897189616	6.65
0.510849911	11.01711376	1.501679312	0.407719251	1.497307251	6.27
1.285085147	11.06040147	3.825687526	2.457767238	2.13970036	5.38
1.300147425	11.10242256	4.921780083	4.42317902	2.12567586	5.3
1.519648979	11.11009111	5.855279787	4.524993108	1.984030651	5.35
1.461885768	11.1288186	7.93787247	4.653482634	1.957203559	5.26
1.298357016	11.1468152	5.74528148	4.868738175	1.950863548	5.34
1.544056838	11.19113227	5.980703531	4.963711962	2.428503614	5.38
1.498005329	11.20008943	6.014484207	5.170099096	2.476631762	5.35
1.463377109	11.20180089	5.986730799	5.254976785	2.322870133	5.47
1.385831039	11.21651138	6.017214243	5.457185058	2.404673256	5.51
1.415014987	11.21689309	6.1297822	5.703136548	2.429385893	5.51
1.283514543	11.2320092	6.119072148	5.852617765	2.348319225	5.5
0.373960699	11.25748207	0.539185123	0.010555386	0.871358206	6.64
0.360226972	11.25806754	0.56870657	0.038289318	0.889741988	6.69
0.565423956	11.28696619	1.594997206	0.465888025	1.552036785	6.27
1.318430728	11.31976608	3.935885596	2.473131454	2.153233541	5.38
1.393299623	11.35958687	5.25938369	4.563697529	2.18031373	5.25
1.600549734	11.4162821	5.836291219	4.661565196	1.941063138	5.26
1.658721359	11.43894527	5.536691168	4.70515774	1.991035044	5.26
1.525598357	11.45021372	5.581724786	4.769621254	1.791831286	5.34
1.618526199	11.50921353	6.15083919	4.79461991	2.44384221	5.38
1.553043073	11.51427041	6.206659497	4.992923565	2.512278301	5.39
1.520984902	11.59896982	6.272657719	5.120720825	2.433116779	5.47
1.482775422	11.65190062	6.331299771	5.238774453	2.457742885	5.51
1.433066385	11.65893873	6.266737827	5.444549711	2.460623337	5.51
1.43514143	11.7671556	6.366612922	5.579992215	2.413888273	5.46
0.379315108	11.79012299	0.545131069	0.004482542	0.886753634	6.64
0.352297836	11.81897954	0.554571518	0.033234347	0.849884768	6.69
0.513933615	11.92879594	1.5388618	0.654972558	1.540787664	6.19
1.344471026	11.95380675	3.976027606	3.169545514	2.071860138	5.38
1.228925178	12.00889001	4.649215006	4.941257187	2.015158098	5.3
1.372413077	12.04262169	5.455800322	4.83495784	1.867973026	5.35
1.424252997	12.13397846	5.845341943	5.179043889	1.859455704	5.3
1.473315719	12.23346968	5.517745364	5.207787294	1.956959071	5.3
1.372951932	12.25234067	5.567081548	5.254047026	2.298375394	5.38
1.400261989	12.38553486	5.596111017	5.489705481	2.375433356	5.43
1.38902742	12.38768064	5.782739013	5.681096122	2.282854517	5.51
1.270769538	12.395596	5.56088966	5.81196471	2.290764237	5.51
1.220144316	12.43474331	5.747048268	6.0238987	2.344326233	5.55
1.283428619	12.50259027	5.89384063	6.200279526	2.293126971	5.46
